code,name,self_employment_income_count,self_employment_income_mean,self_employment_income_median,employment_income_count,employment_income_mean,employment_income_median,pension_income_count,pension_income_mean,pension_income_median,total_income_count,total_income_mean,total_income_median,total_tax_count,total_tax_mean,total_tax_median,total_tax_amount,self_employment_income_amount,employment_income_amount,pension_income_amount,total_income_amount
E06000001,Hartlepool UA,3000.0,22600.0,16300.0,31000.0,29600.0,24300.0,11000.0,18300.0,16000.0,41000.0,30700.0,24700.0,41000.0,3790.0,2150.0,155390000.0,67800000.0,917600000.0,201300000.0,1258700000.0
E06000002,Middlesbrough UA,4000.0,18300.0,14300.0,48000.0,28700.0,22900.0,15000.0,18400.0,15100.0,60000.0,30200.0,23800.0,60000.0,3730.0,2000.0,223800000.0,73200000.0,1377600000.0,276000000.0,1812000000.0
E06000003,Redcar and Cleveland UA,4000.0,19500.0,15200.0,46000.0,29300.0,25000.0,22000.0,17300.0,16500.0,65000.0,29000.0,23800.0,65000.0,3370.0,2020.0,219050000.0,78000000.0,1347800000.0,380600000.0,1885000000.0
E06000004,Stockton-on-Tees UA,6000.0,24800.0,15700.0,71000.0,31800.0,25100.0,25000.0,19200.0,16800.0,91000.0,33400.0,26000.0,91000.0,4600.0,2410.0,418600000.0,148800000.0,2257800000.0,480000000.0,3039400000.0
E06000005,Darlington UA,4000.0,17500.0,13200.0,41000.0,30200.0,24100.0,15000.0,19000.0,17000.0,52000.0,31800.0,25300.0,52000.0,4170.0,2290.0,216840000.0,70000000.0,1238200000.0,285000000.0,1653600000.0
E06000006,Halton UA,4000.0,19700.0,15200.0,48000.0,30400.0,25100.0,16000.0,17200.0,15300.0,61000.0,31500.0,25300.0,61000.0,4120.0,2310.0,251320000.0,78800000.0,1459200000.0,275200000.0,1921500000.0
E06000007,Warrington UA,9000.0,24500.0,15800.0,90000.0,34700.0,26500.0,30000.0,20000.0,18100.0,116000.0,36600.0,26900.0,116000.0,5710.0,2590.0,662360000.0,220500000.0,3123000000.0,600000000.0,4245600000.0
E06000008,Blackburn with Darwen UA,4000.0,21000.0,14200.0,52000.0,27900.0,23400.0,13000.0,16900.0,15400.0,63000.0,30000.0,23900.0,63000.0,3690.0,2080.0,232470000.0,84000000.0,1450800000.0,219700000.0,1890000000.0
E06000009,Blackpool UA,5000.0,16300.0,14100.0,46000.0,24900.0,21600.0,16000.0,16600.0,15900.0,60000.0,25900.0,21900.0,60000.0,2600.0,1640.0,156000000.0,81500000.0,1145400000.0,265600000.0,1554000000.0
E06000010,Kingston upon Hull UA,8000.0,16200.0,13700.0,95000.0,25900.0,22800.0,23000.0,15500.0,14700.0,113000.0,26900.0,22900.0,113000.0,2780.0,1880.0,314140000.0,129600000.0,2460500000.0,356500000.0,3039700000.0
E06000011,East Riding of Yorkshire UA,17000.0,22900.0,15600.0,128000.0,31600.0,24900.0,66000.0,19000.0,16700.0,180000.0,34300.0,25900.0,180000.0,4990.0,2380.0,898200000.0,389300000.0,4044800000.0,1254000000.0,6174000000.0
E06000012,North East Lincolnshire UA,4000.0,22600.0,14100.0,57000.0,29100.0,23600.0,17000.0,17500.0,15600.0,70000.0,31100.0,24700.0,70000.0,3990.0,2130.0,279300000.0,90400000.0,1658700000.0,297500000.0,2177000000.0
E06000013,North Lincolnshire UA,6000.0,18800.0,14400.0,66000.0,29700.0,24900.0,21000.0,18000.0,16400.0,83000.0,30800.0,25200.0,83000.0,3890.0,2280.0,322870000.0,112800000.0,1960200000.0,378000000.0,2556400000.0
E06000014,York UA,10000.0,24500.0,16600.0,73000.0,34500.0,26800.0,32000.0,20300.0,17600.0,102000.0,36200.0,27200.0,102000.0,5560.0,2560.0,567120000.0,245000000.0,2518500000.0,649600000.0,3692400000.0
E06000015,Derby UA,8000.0,19200.0,14700.0,91000.0,30500.0,24900.0,28000.0,17100.0,15700.0,115000.0,30800.0,24800.0,115000.0,3900.0,2170.0,448500000.0,153600000.0,2775500000.0,478800000.0,3542000000.0
E06000016,Leicester UA,10000.0,18200.0,15700.0,115000.0,26300.0,22100.0,21000.0,16700.0,15400.0,135000.0,27700.0,22700.0,135000.0,3090.0,1830.0,417150000.0,182000000.0,3024500000.0,350700000.0,3739500000.0
E06000017,Rutland UA,2000.0,36300.0,16600.0,14000.0,38700.0,25800.0,8000.0,22000.0,16500.0,20000.0,48700.0,30200.0,20000.0,10000.0,2710.0,200000000.0,72600000.0,541800000.0,176000000.0,974000000.0
E06000018,Nottingham UA,10000.0,20300.0,15000.0,95000.0,28000.0,23500.0,20000.0,18100.0,15800.0,114000.0,29700.0,24000.0,114000.0,3680.0,2080.0,419520000.0,203000000.0,2660000000.0,362000000.0,3385800000.0
E06000019,Herefordshire UA,13000.0,22700.0,16900.0,64000.0,29900.0,25100.0,35000.0,20200.0,17800.0,96000.0,33700.0,26200.0,96000.0,4760.0,2400.0,456960000.0,295100000.0,1913600000.0,707000000.0,3235200000.0
E06000020,Telford and Wrekin UA,8000.0,18000.0,15000.0,71000.0,29900.0,25100.0,23000.0,17300.0,16700.0,91000.0,30700.0,24800.0,91000.0,3870.0,2220.0,352170000.0,144000000.0,2122900000.0,397900000.0,2793700000.0
E06000021,Stoke-on-Trent UA,8000.0,20200.0,16400.0,89000.0,26100.0,23600.0,26000.0,14600.0,15000.0,110000.0,26800.0,23300.0,110000.0,2890.0,1960.0,317900000.0,161600000.0,2322900000.0,379600000.0,2948000000.0
E06000022,Bath and North East Somerset UA,13000.0,29900.0,16400.0,72000.0,37400.0,27000.0,28000.0,21500.0,17600.0,99000.0,41800.0,28700.0,99000.0,7430.0,2750.0,735570000.0,388700000.0,2692800000.0,602000000.0,4138200000.0
E06000023,Bristol UA,27000.0,24700.0,15800.0,185000.0,33500.0,26800.0,40000.0,19200.0,16300.0,227000.0,36500.0,27800.0,227000.0,5600.0,2720.0,1271200000.0,666900000.0,6197500000.0,768000000.0,8285500000.0
E06000024,North Somerset UA,12000.0,23200.0,14600.0,86000.0,33800.0,26000.0,37000.0,21100.0,17700.0,120000.0,36700.0,27600.0,120000.0,5630.0,2670.0,675600000.0,278400000.0,2906800000.0,780700000.0,4404000000.0
E06000025,South Gloucestershire UA,16000.0,22600.0,16500.0,120000.0,33900.0,27900.0,40000.0,19600.0,17700.0,156000.0,36700.0,28600.0,156000.0,5550.0,2810.0,865800000.0,361600000.0,4068000000.0,784000000.0,5725200000.0
E06000026,Plymouth UA,11000.0,20600.0,16200.0,99000.0,28600.0,24000.0,38000.0,17900.0,16600.0,131000.0,29700.0,24000.0,131000.0,3500.0,2050.0,458500000.0,226600000.0,2831400000.0,680200000.0,3890700000.0
E06000027,Torbay UA,9533.898305084746,28918.0790960452,16401.214689265536,68101.69491525424,36455.64971751413,26956.214689265536,22824.858757062146,19919.774011299436,17008.19209039548,89420.90395480226,39329.943502824855,27862.146892655368,89420.90395480226,6828.926553672316,2726.129943502825,610648785.470331,275702025.28009194,2482691534.9995213,454666028.2805069,3516919100.5139003
E06000030,Swindon UA,11000.0,20100.0,17300.0,98000.0,34200.0,26600.0,26000.0,17200.0,15600.0,121000.0,34700.0,26700.0,121000.0,5010.0,2630.0,606210000.0,221100000.0,3351600000.0,447200000.0,4198700000.0
E06000031,Peterborough UA,10000.0,23300.0,17300.0,78000.0,30100.0,24000.0,19000.0,18700.0,16300.0,97000.0,31700.0,24500.0,97000.0,4270.0,2230.0,414190000.0,233000000.0,2347800000.0,355300000.0,3074900000.0
E06000032,Luton UA,11000.0,20600.0,16000.0,71000.0,29200.0,25300.0,15000.0,17700.0,15600.0,89000.0,30300.0,25500.0,89000.0,3690.0,2380.0,328410000.0,226600000.0,2073200000.0,265500000.0,2696700000.0
E06000033,Southend-on-Sea UA,10000.0,24700.0,18600.0,64000.0,38700.0,28200.0,21000.0,20200.0,17100.0,84000.0,39900.0,29000.0,84000.0,6860.0,2900.0,576240000.0,247000000.0,2476800000.0,424200000.0,3351600000.0
E06000034,Thurrock UA,12000.0,23600.0,18700.0,71000.0,34600.0,28800.0,15000.0,17900.0,17100.0,89000.0,35700.0,29200.0,89000.0,5140.0,3000.0,457460000.0,283200000.0,2456600000.0,268500000.0,3177300000.0
E06000035,Medway Towns UA,16000.0,21600.0,18100.0,106000.0,33900.0,28100.0,31000.0,18500.0,17200.0,138000.0,34500.0,28000.0,138000.0,4790.0,2750.0,661020000.0,345600000.0,3593400000.0,573500000.0,4761000000.0
E06000036,Bracknell Forest UA,5000.0,26600.0,18400.0,55000.0,42900.0,31200.0,15000.0,20900.0,17600.0,68000.0,44300.0,32500.0,68000.0,8200.0,3530.0,557600000.0,133000000.0,2359500000.0,313500000.0,3012400000.0
E06000037,West Berkshire UA,10000.0,33100.0,17200.0,70000.0,42900.0,27900.0,25000.0,22500.0,17700.0,92000.0,46800.0,30600.0,92000.0,9210.0,3110.0,847320000.0,331000000.0,3003000000.0,562500000.0,4305600000.0
E06000038,Reading UA,8000.0,23200.0,16300.0,70000.0,39900.0,29800.0,13000.0,21400.0,18100.0,84000.0,41100.0,30400.0,84000.0,7200.0,3250.0,604800000.0,185600000.0,2793000000.0,278200000.0,3452400000.0
E06000039,Slough UA,9000.0,19200.0,16500.0,57000.0,33300.0,27300.0,8000.0,15300.0,14000.0,67000.0,34600.0,27700.0,67000.0,4920.0,2740.0,329640000.0,172800000.0,1898100000.0,122400000.0,2318200000.0
E06000040,Windsor and Maidenhead UA,9000.0,37800.0,15900.0,66000.0,59500.0,34500.0,23000.0,26000.0,20100.0,88000.0,61800.0,35700.0,88000.0,14900.0,4050.0,1311200000.0,340200000.0,3927000000.0,598000000.0,5438400000.0
E06000041,Wokingham UA,9000.0,28900.0,17300.0,73000.0,52500.0,34700.0,22000.0,25000.0,21400.0,95000.0,53200.0,35800.0,95000.0,11500.0,4080.0,1092500000.0,260100000.0,3832500000.0,550000000.0,5054000000.0
E06000042,Milton Keynes UA,14000.0,20600.0,15500.0,119000.0,37000.0,27900.0,27000.0,19200.0,16100.0,143000.0,38600.0,29200.0,143000.0,6280.0,2950.0,898040000.0,288400000.0,4403000000.0,518400000.0,5519800000.0
E06000043,Brighton and Hove UA,20000.0,25300.0,17200.0,102000.0,38800.0,27900.0,28000.0,19500.0,16300.0,134000.0,42100.0,29700.0,134000.0,7360.0,2950.0,986240000.0,506000000.0,3957600000.0,546000000.0,5641400000.0
E06000044,Portsmouth UA,11000.0,21700.0,18700.0,74000.0,30400.0,24900.0,21000.0,17900.0,16100.0,95000.0,31900.0,25500.0,95000.0,4130.0,2360.0,392350000.0,238700000.0,2249600000.0,375900000.0,3030500000.0
E06000045,Southampton UA,12000.0,20500.0,16500.0,93000.0,29900.0,25600.0,22000.0,17100.0,15100.0,115000.0,30900.0,25500.0,115000.0,3870.0,2370.0,445050000.0,246000000.0,2780700000.0,376200000.0,3553500000.0
E06000046,Isle of Wight UA,8000.0,21500.0,15900.0,45000.0,27900.0,22400.0,24000.0,19700.0,16600.0,66000.0,31500.0,24800.0,66000.0,4160.0,2120.0,274560000.0,172000000.0,1255500000.0,472800000.0,2079000000.0
E06000047,County Durham UA,19000.0,20400.0,15100.0,182000.0,29500.0,24400.0,79000.0,18200.0,16400.0,249000.0,30300.0,24300.0,249000.0,3730.0,2130.0,928770000.0,387600000.0,5369000000.0,1437800000.0,7544700000.0
E06000049,Cheshire East UA,23000.0,26700.0,15900.0,159000.0,43100.0,26900.0,70000.0,22500.0,17700.0,221000.0,45800.0,28900.0,221000.0,9340.0,2860.0,2064140000.0,614100000.0,6852900000.0,1575000000.0,10121800000.0
E06000050,Cheshire West and Chester UA,15000.0,25000.0,14800.0,133000.0,35300.0,26800.0,53000.0,21500.0,18400.0,179000.0,37900.0,27600.0,179000.0,6140.0,2700.0,1099060000.0,375000000.0,4694900000.0,1139500000.0,6784100000.0
E06000051,Shropshire UA,22000.0,20900.0,15600.0,123000.0,31400.0,24900.0,50000.0,19900.0,16300.0,168000.0,34900.0,26500.0,168000.0,5060.0,2470.0,850080000.0,459800000.0,3862200000.0,995000000.0,5863200000.0
E06000052,Cornwall UA,44000.0,21600.0,15500.0,187000.0,27300.0,22500.0,88000.0,18800.0,16500.0,273000.0,31200.0,24400.0,273000.0,4000.0,2090.0,1092000000.0,950400000.0,5105100000.0,1654400000.0,8517600000.0
E06000053,Isles of Scilly UA,9533.898305084746,28918.0790960452,16401.214689265536,68101.69491525424,36455.64971751413,26956.214689265536,22824.858757062146,19919.774011299436,17008.19209039548,89420.90395480226,39329.943502824855,27862.146892655368,89420.90395480226,6828.926553672316,2726.129943502825,610648785.470331,275702025.28009194,2482691534.9995213,454666028.2805069,3516919100.5139003
E06000054,Wiltshire UA,30000.0,26600.0,16200.0,198000.0,35800.0,26600.0,88000.0,21500.0,17700.0,272000.0,39700.0,28600.0,272000.0,6650.0,2780.0,1808800000.0,798000000.0,7088400000.0,1892000000.0,10798400000.0
E06000055,Bedford UA,10000.0,28300.0,18700.0,74000.0,36400.0,28100.0,24000.0,20100.0,16900.0,97000.0,38100.0,28100.0,97000.0,6170.0,2760.0,598490000.0,283000000.0,2693600000.0,482400000.0,3695700000.0
E06000056,Central Bedfordshire UA,19000.0,25900.0,19400.0,129000.0,37800.0,29400.0,43000.0,18900.0,16700.0,172000.0,38800.0,29500.0,172000.0,6270.0,3000.0,1078440000.0,492100000.0,4876200000.0,812700000.0,6673600000.0
E06000057,Northumberland UA,17000.0,24500.0,15300.0,114000.0,30700.0,24600.0,63000.0,19500.0,16400.0,168000.0,33400.0,25300.0,168000.0,4820.0,2300.0,809760000.0,416500000.0,3499800000.0,1228500000.0,5611200000.0
E06000058,"Bournemouth, Christchurch and Poole UA",22000.0,23900.0,16400.0,146000.0,31700.0,24500.0,57000.0,20700.0,17000.0,201000.0,34900.0,25600.0,201000.0,5250.0,2320.0,1055250000.0,525800000.0,4628200000.0,1179900000.0,7014900000.0
E06000059,Dorset UA,24000.0,23400.0,15000.0,129000.0,30900.0,24400.0,79000.0,21400.0,17700.0,198000.0,35600.0,26300.0,198000.0,5410.0,2470.0,1071180000.0,561600000.0,3986100000.0,1690600000.0,7048800000.0
E06000060,Buckinghamshire UA,36000.0,39100.0,17000.0,228000.0,49200.0,30500.0,85000.0,24600.0,18400.0,309000.0,53600.0,32700.0,309000.0,11800.0,3510.0,3646200000.0,1407600000.0,11217600000.0,2091000000.0,16562400000.0
E06000061,North Northamptonshire UA,18000.0,23900.0,17600.0,145000.0,32500.0,25800.0,39000.0,19600.0,17100.0,183000.0,34500.0,26800.0,183000.0,5100.0,2590.0,933300000.0,430200000.0,4712500000.0,764400000.0,6313500000.0
E06000062,West Northamptonshire UA,27000.0,29100.0,18600.0,177000.0,34600.0,26700.0,54000.0,18800.0,16000.0,230000.0,37200.0,27400.0,230000.0,5940.0,2690.0,1366200000.0,785700000.0,6124200000.0,1015200000.0,8556000000.0
E06000063,Cumberland,,,,,,,,,,,,,,,,,,,,
E06000064,Westmorland and Furness,,,,,,,,,,,,,,,,,,,,
E06000065,North Yorkshire,,,,,,,,,,,,,,,,,,,,
E06000066,Somerset,,,,,,,,,,,,,,,,,,,,
E07000008,Cambridge,8000.0,31000.0,12400.0,58000.0,45800.0,31400.0,11000.0,23300.0,18400.0,69000.0,49200.0,32200.0,69000.0,10100.0,3420.0,696900000.0,248000000.0,2656400000.0,256300000.0,3394800000.0
E07000009,East Cambridgeshire,6000.0,25800.0,18300.0,38000.0,37800.0,29700.0,13000.0,19700.0,16000.0,50000.0,40200.0,30500.0,50000.0,6820.0,3240.0,341000000.0,154800000.0,1436400000.0,256100000.0,2010000000.0
E07000010,Fenland,5000.0,23700.0,19900.0,40000.0,30100.0,25900.0,13000.0,16700.0,15900.0,52000.0,30700.0,25500.0,52000.0,3850.0,2390.0,200200000.0,118500000.0,1204000000.0,217100000.0,1596400000.0
E07000011,Huntingdonshire,10000.0,26600.0,15700.0,72000.0,36800.0,28800.0,25000.0,20600.0,17000.0,95000.0,38900.0,29500.0,95000.0,6420.0,2980.0,609900000.0,266000000.0,2649600000.0,515000000.0,3695500000.0
E07000012,South Cambridgeshire,12000.0,27800.0,14100.0,73000.0,46100.0,31100.0,25000.0,22100.0,17300.0,97000.0,48700.0,32400.0,97000.0,9860.0,3430.0,956420000.0,333600000.0,3365300000.0,552500000.0,4723900000.0
E07000032,Amber Valley,6000.0,20400.0,14400.0,49000.0,32100.0,24900.0,18000.0,18900.0,17000.0,65000.0,33900.0,25200.0,65000.0,4950.0,2290.0,321750000.0,122400000.0,1572900000.0,340200000.0,2203500000.0
E07000033,Bolsover,3000.0,22500.0,17900.0,28000.0,28200.0,23400.0,12000.0,16300.0,16000.0,38000.0,28900.0,22900.0,38000.0,3430.0,1940.0,130340000.0,67500000.0,789600000.0,195600000.0,1098200000.0
E07000034,Chesterfield,4000.0,20100.0,14100.0,37000.0,30100.0,24900.0,16000.0,17800.0,15700.0,52000.0,29900.0,24000.0,52000.0,3580.0,2080.0,186160000.0,80400000.0,1113700000.0,284800000.0,1554800000.0
E07000035,Derbyshire Dales,5000.0,21900.0,14200.0,26000.0,33100.0,23300.0,16000.0,20500.0,16900.0,40000.0,37800.0,25900.0,40000.0,6140.0,2210.0,245600000.0,109500000.0,860600000.0,328000000.0,1512000000.0
E07000036,Erewash,4000.0,21000.0,16500.0,44000.0,29800.0,23600.0,16000.0,17000.0,15700.0,58000.0,31300.0,24500.0,58000.0,3940.0,2160.0,228520000.0,84000000.0,1311200000.0,272000000.0,1815400000.0
E07000037,High Peak,5000.0,22600.0,16300.0,34000.0,32000.0,25100.0,16000.0,19900.0,16700.0,47000.0,34600.0,26300.0,47000.0,4960.0,2340.0,233120000.0,113000000.0,1088000000.0,318400000.0,1626200000.0
E07000038,North East Derbyshire,4000.0,20300.0,16700.0,38000.0,31700.0,26700.0,16000.0,19000.0,17600.0,52000.0,33200.0,26700.0,52000.0,4570.0,2490.0,237640000.0,81200000.0,1204600000.0,304000000.0,1726400000.0
E07000039,South Derbyshire,5000.0,24300.0,17500.0,45000.0,33900.0,26500.0,16000.0,19400.0,16600.0,59000.0,36100.0,27000.0,59000.0,5560.0,2570.0,328040000.0,121500000.0,1525500000.0,310400000.0,2129900000.0
E07000040,East Devon,10000.0,25500.0,16800.0,47000.0,32100.0,24100.0,30000.0,21700.0,17900.0,76000.0,35900.0,26300.0,76000.0,5570.0,2490.0,423320000.0,255000000.0,1508700000.0,651000000.0,2728400000.0
E07000041,Exeter,7000.0,22200.0,16000.0,46000.0,32500.0,27100.0,15000.0,20400.0,16800.0,60000.0,34900.0,27600.0,60000.0,4960.0,2780.0,297600000.0,155400000.0,1495000000.0,306000000.0,2094000000.0
E07000042,Mid Devon,7000.0,24300.0,15500.0,28000.0,30000.0,24400.0,14000.0,19800.0,17000.0,42000.0,34300.0,26000.0,42000.0,5020.0,2340.0,210840000.0,170100000.0,840000000.0,277200000.0,1440600000.0
E07000043,North Devon,9000.0,20200.0,14800.0,32000.0,26900.0,21700.0,15000.0,19000.0,16400.0,47000.0,31100.0,23800.0,47000.0,3980.0,1950.0,187060000.0,181800000.0,860800000.0,285000000.0,1461700000.0
E07000044,South Hams,8000.0,24100.0,16900.0,30000.0,31700.0,25200.0,17000.0,21600.0,17400.0,46000.0,37600.0,28800.0,46000.0,5720.0,2770.0,263120000.0,192800000.0,951000000.0,367200000.0,1729600000.0
E07000045,Teignbridge,10000.0,22400.0,13700.0,49000.0,29200.0,23700.0,24000.0,19200.0,16900.0,71000.0,33200.0,25000.0,71000.0,4630.0,2230.0,328730000.0,224000000.0,1430800000.0,460800000.0,2357200000.0
E07000046,Torridge,6000.0,17800.0,14200.0,21000.0,27400.0,22600.0,13000.0,18000.0,15600.0,33000.0,30000.0,23300.0,33000.0,3680.0,1930.0,121440000.0,106800000.0,575400000.0,234000000.0,990000000.0
E07000047,West Devon,4000.0,22400.0,14800.0,16000.0,29600.0,23700.0,12000.0,21300.0,18500.0,27000.0,33800.0,25700.0,27000.0,4920.0,2250.0,132840000.0,89600000.0,473600000.0,255600000.0,912600000.0
E07000061,Eastbourne,7000.0,19800.0,15000.0,31000.0,28100.0,22400.0,16000.0,21900.0,18300.0,48000.0,31300.0,24100.0,48000.0,3990.0,2020.0,191520000.0,138600000.0,871100000.0,350400000.0,1502400000.0
E07000062,Hastings,6000.0,22200.0,19200.0,28000.0,28200.0,23000.0,11000.0,16800.0,15200.0,39000.0,30000.0,24200.0,39000.0,3600.0,2040.0,140400000.0,133200000.0,789600000.0,184800000.0,1170000000.0
E07000063,Lewes,8000.0,26600.0,16500.0,36000.0,34100.0,25000.0,17000.0,23100.0,18100.0,52000.0,39600.0,28200.0,52000.0,6690.0,2690.0,347880000.0,212800000.0,1227600000.0,392700000.0,2059200000.0
E07000064,Rother,6000.0,34600.0,14600.0,31000.0,33000.0,23600.0,19000.0,22100.0,17900.0,48000.0,38600.0,26600.0,48000.0,6260.0,2470.0,300480000.0,207600000.0,1023000000.0,419900000.0,1852800000.0
E07000065,Wealden,14000.0,30400.0,17000.0,55000.0,38900.0,25200.0,31000.0,22300.0,17400.0,85000.0,45000.0,28400.0,85000.0,8740.0,2640.0,742900000.0,425600000.0,2139500000.0,691300000.0,3825000000.0
E07000066,Basildon,11000.0,26400.0,20900.0,69000.0,37900.0,27700.0,21000.0,19300.0,16200.0,91000.0,38700.0,29000.0,91000.0,6430.0,2860.0,585130000.0,290400000.0,2615100000.0,405300000.0,3521700000.0
E07000067,Braintree,10000.0,30300.0,18100.0,61000.0,37800.0,27000.0,21000.0,20800.0,17700.0,82000.0,40300.0,28500.0,82000.0,6860.0,2750.0,562520000.0,303000000.0,2305800000.0,436800000.0,3304600000.0
E07000068,Brentwood,5000.0,42900.0,16700.0,29000.0,55700.0,33100.0,11000.0,24800.0,20100.0,41000.0,59300.0,34900.0,41000.0,13900.0,3770.0,569900000.0,214500000.0,1615300000.0,272800000.0,2431300000.0
E07000069,Castle Point,5000.0,23100.0,20700.0,32000.0,34500.0,26600.0,15000.0,19900.0,18000.0,46000.0,35700.0,27700.0,46000.0,5420.0,2620.0,249320000.0,115500000.0,1104000000.0,298500000.0,1642200000.0
E07000070,Chelmsford,10000.0,31400.0,17900.0,71000.0,44300.0,30800.0,23000.0,23500.0,18700.0,94000.0,46400.0,31900.0,94000.0,8960.0,3450.0,842240000.0,314000000.0,3145300000.0,540500000.0,4361600000.0
E07000071,Colchester,12000.0,26800.0,16400.0,74000.0,36900.0,28200.0,23000.0,20200.0,16900.0,96000.0,39200.0,28600.0,96000.0,6520.0,2860.0,625920000.0,321600000.0,2730600000.0,464600000.0,3763200000.0
E07000072,Epping Forest,11000.0,35900.0,17400.0,52000.0,48300.0,30300.0,18000.0,21000.0,17400.0,71000.0,67900.0,33100.0,71000.0,17000.0,3540.0,1207000000.0,394900000.0,2511600000.0,378000000.0,4820900000.0
E07000073,Harlow,5000.0,21300.0,16300.0,35000.0,31800.0,26700.0,9000.0,17300.0,15800.0,44000.0,32500.0,26800.0,44000.0,4300.0,2550.0,189200000.0,106500000.0,1113000000.0,155700000.0,1430000000.0
E07000074,Maldon,5000.0,23500.0,16800.0,24000.0,38200.0,28100.0,12000.0,20200.0,17300.0,36000.0,39500.0,28800.0,36000.0,6750.0,2690.0,243000000.0,117500000.0,916800000.0,242400000.0,1422000000.0
E07000075,Rochford,6000.0,23500.0,18100.0,35000.0,40000.0,29300.0,12000.0,19000.0,16300.0,47000.0,40700.0,29700.0,47000.0,7070.0,3010.0,332290000.0,141000000.0,1400000000.0,228000000.0,1912900000.0
E07000076,Tendring,8000.0,21400.0,16800.0,42000.0,30800.0,25400.0,25000.0,18700.0,15900.0,66000.0,31600.0,24200.0,66000.0,4210.0,2030.0,277860000.0,171200000.0,1293600000.0,467500000.0,2085600000.0
E07000077,Uttlesford,7000.0,34100.0,16200.0,38000.0,49000.0,32400.0,16000.0,20900.0,16200.0,54000.0,52200.0,33700.0,54000.0,11300.0,3410.0,610200000.0,238700000.0,1862000000.0,334400000.0,2818800000.0
E07000078,Cheltenham,7000.0,24400.0,15000.0,45000.0,37400.0,25800.0,18000.0,20900.0,17100.0,61000.0,40100.0,28000.0,61000.0,6840.0,2650.0,417240000.0,170800000.0,1683000000.0,376200000.0,2446100000.0
E07000079,Cotswold,8000.0,34600.0,15700.0,34000.0,41200.0,25000.0,17000.0,25300.0,19200.0,50000.0,50500.0,29100.0,50000.0,10800.0,2790.0,540000000.0,276800000.0,1400800000.0,430100000.0,2525000000.0
E07000080,Forest of Dean,6000.0,17700.0,14600.0,31000.0,29300.0,25400.0,16000.0,18100.0,16400.0,45000.0,31300.0,25000.0,45000.0,4050.0,2220.0,182250000.0,106200000.0,908300000.0,289600000.0,1408500000.0
E07000081,Gloucester,5000.0,21600.0,17500.0,52000.0,29000.0,25100.0,18000.0,17500.0,16400.0,67000.0,30000.0,25100.0,67000.0,3550.0,2320.0,237850000.0,108000000.0,1508000000.0,315000000.0,2010000000.0
E07000082,Stroud,8000.0,26000.0,14800.0,44000.0,36500.0,26900.0,21000.0,21700.0,17800.0,64000.0,40000.0,27900.0,64000.0,6720.0,2730.0,430080000.0,208000000.0,1606000000.0,455700000.0,2560000000.0
E07000083,Tewkesbury,6000.0,23400.0,16400.0,39000.0,33700.0,26200.0,17000.0,20800.0,17600.0,53000.0,36600.0,27100.0,53000.0,5710.0,2610.0,302630000.0,140400000.0,1314300000.0,353600000.0,1939800000.0
E07000084,Basingstoke and Deane,9000.0,28500.0,15200.0,79000.0,43000.0,30400.0,27000.0,21000.0,17700.0,104000.0,44100.0,30400.0,104000.0,8310.0,3250.0,864240000.0,256500000.0,3397000000.0,567000000.0,4586400000.0
E07000085,East Hampshire,10000.0,31500.0,17800.0,47000.0,43500.0,28900.0,24000.0,24500.0,19500.0,70000.0,46500.0,30900.0,70000.0,9200.0,3110.0,644000000.0,315000000.0,2044500000.0,588000000.0,3255000000.0
E07000086,Eastleigh,8000.0,23400.0,17800.0,58000.0,35800.0,29000.0,18000.0,20000.0,17600.0,74000.0,37800.0,29900.0,74000.0,5800.0,3070.0,429200000.0,187200000.0,2076400000.0,360000000.0,2797200000.0
E07000087,Fareham,6000.0,24700.0,19100.0,44000.0,35000.0,27300.0,20000.0,21200.0,17700.0,62000.0,36800.0,28800.0,62000.0,5600.0,2800.0,347200000.0,148200000.0,1540000000.0,424000000.0,2281600000.0
E07000088,Gosport,3000.0,21100.0,19100.0,32000.0,31300.0,25900.0,13000.0,18800.0,16800.0,42000.0,32400.0,25900.0,42000.0,4250.0,2410.0,178500000.0,63300000.0,1001600000.0,244400000.0,1360800000.0
E07000089,Hart,5000.0,32400.0,16900.0,41000.0,52500.0,33400.0,18000.0,22800.0,17900.0,57000.0,53000.0,34200.0,57000.0,11600.0,3830.0,661200000.0,162000000.0,2152500000.0,410400000.0,3021000000.0
E07000090,Havant,6000.0,23000.0,18500.0,42000.0,31700.0,24200.0,20000.0,18800.0,16700.0,61000.0,33200.0,25000.0,61000.0,4660.0,2200.0,284260000.0,138000000.0,1331400000.0,376000000.0,2025200000.0
E07000091,New Forest,11000.0,27100.0,15900.0,61000.0,35700.0,25700.0,33000.0,23200.0,19100.0,93000.0,39500.0,27300.0,93000.0,6690.0,2620.0,622170000.0,298100000.0,2177700000.0,765600000.0,3673500000.0
E07000092,Rushmoor,5000.0,20700.0,16800.0,42000.0,34500.0,28700.0,10000.0,17500.0,15700.0,51000.0,35000.0,28700.0,51000.0,4980.0,2890.0,253980000.0,103500000.0,1449000000.0,175000000.0,1785000000.0
E07000093,Test Valley,7000.0,32900.0,17400.0,53000.0,39600.0,27800.0,24000.0,22300.0,17300.0,74000.0,42800.0,29500.0,74000.0,7860.0,2930.0,581640000.0,230300000.0,2098800000.0,535200000.0,3167200000.0
E07000094,Winchester,8000.0,41400.0,14800.0,49000.0,51800.0,30500.0,20000.0,24400.0,19600.0,67000.0,56300.0,34600.0,67000.0,12700.0,3670.0,850900000.0,331200000.0,2538200000.0,488000000.0,3772100000.0
E07000095,Broxbourne,7000.0,24500.0,16800.0,38000.0,36300.0,27900.0,12000.0,18900.0,16100.0,51000.0,38000.0,28200.0,51000.0,6070.0,2760.0,309570000.0,171500000.0,1379400000.0,226800000.0,1938000000.0
E07000096,Dacorum,10000.0,35800.0,18300.0,62000.0,46800.0,29800.0,20000.0,23100.0,18100.0,81000.0,50400.0,32300.0,81000.0,10700.0,3400.0,866700000.0,358000000.0,2901600000.0,462000000.0,4082400000.0
E07000098,Hertsmere,9000.0,40400.0,17100.0,45000.0,44600.0,28500.0,15000.0,20200.0,16000.0,60000.0,53300.0,32200.0,60000.0,11500.0,3320.0,690000000.0,363600000.0,2007000000.0,303000000.0,3198000000.0
E07000099,North Hertfordshire,9000.0,32700.0,17600.0,58000.0,44500.0,31400.0,20000.0,22900.0,18900.0,77000.0,46500.0,31700.0,77000.0,9080.0,3420.0,699160000.0,294300000.0,2581000000.0,458000000.0,3580500000.0
E07000102,Three Rivers,7000.0,38400.0,18000.0,37000.0,49900.0,29700.0,11000.0,24900.0,20300.0,49000.0,55800.0,33200.0,49000.0,12400.0,3490.0,607600000.0,268800000.0,1846300000.0,273900000.0,2734200000.0
E07000103,Watford,5000.0,28500.0,19400.0,43000.0,39700.0,31200.0,9000.0,19300.0,17200.0,53000.0,40500.0,31300.0,53000.0,6770.0,3330.0,358810000.0,142500000.0,1707100000.0,173700000.0,2146500000.0
E07000105,Ashford,9000.0,28800.0,18600.0,51000.0,34900.0,25800.0,19000.0,20600.0,17200.0,70000.0,38200.0,27100.0,70000.0,6300.0,2620.0,441000000.0,259200000.0,1779900000.0,391400000.0,2674000000.0
E07000106,Canterbury,9000.0,26400.0,14800.0,51000.0,35200.0,25300.0,23000.0,19900.0,16600.0,73000.0,37300.0,26300.0,73000.0,6050.0,2360.0,441650000.0,237600000.0,1795200000.0,457700000.0,2722900000.0
E07000107,Dartford,7000.0,24600.0,18600.0,45000.0,38600.0,31200.0,12000.0,19900.0,17100.0,59000.0,39200.0,30600.0,59000.0,6280.0,3220.0,370520000.0,172200000.0,1737000000.0,238800000.0,2312800000.0
E07000108,Dover,7000.0,22000.0,16200.0,38000.0,31100.0,24400.0,24000.0,19000.0,15900.0,60000.0,32600.0,25000.0,60000.0,4530.0,2200.0,271800000.0,154000000.0,1181800000.0,456000000.0,1956000000.0
E07000109,Gravesham,6000.0,25900.0,20800.0,41000.0,35100.0,28000.0,13000.0,19200.0,17400.0,54000.0,36500.0,28600.0,54000.0,5520.0,2920.0,298080000.0,155400000.0,1439100000.0,249600000.0,1971000000.0
E07000110,Maidstone,11000.0,30200.0,17000.0,72000.0,37200.0,27000.0,21000.0,21000.0,16700.0,93000.0,40000.0,28900.0,93000.0,6600.0,2820.0,613800000.0,332200000.0,2678400000.0,441000000.0,3720000000.0
E07000111,Sevenoaks,8000.0,58400.0,17400.0,49000.0,60300.0,30200.0,20000.0,23200.0,18700.0,68000.0,63700.0,32200.0,68000.0,16000.0,3340.0,1088000000.0,467200000.0,2954700000.0,464000000.0,4331600000.0
E07000112,Folkestone and Hythe,6000.0,21500.0,15500.0,35000.0,33900.0,26600.0,19000.0,20200.0,17800.0,53000.0,35100.0,26600.0,53000.0,5320.0,2450.0,281960000.0,129000000.0,1186500000.0,383800000.0,1860300000.0
E07000113,Swale,9000.0,24300.0,19000.0,56000.0,32200.0,25200.0,19000.0,18400.0,16100.0,76000.0,33800.0,25800.0,76000.0,4790.0,2390.0,364040000.0,218700000.0,1803200000.0,349600000.0,2568800000.0
E07000114,Thanet,8000.0,20700.0,16500.0,46000.0,29200.0,23100.0,20000.0,18500.0,16600.0,65000.0,31200.0,24300.0,65000.0,4110.0,2050.0,267150000.0,165600000.0,1343200000.0,370000000.0,2028000000.0
E07000115,Tonbridge and Malling,9000.0,35300.0,17500.0,52000.0,45100.0,29200.0,18000.0,22100.0,18100.0,71000.0,47000.0,29900.0,71000.0,9490.0,3030.0,673790000.0,317700000.0,2345200000.0,397800000.0,3337000000.0
E07000116,Tunbridge Wells,8000.0,47100.0,17400.0,46000.0,50900.0,29900.0,17000.0,23700.0,18700.0,62000.0,55700.0,31200.0,62000.0,12600.0,3270.0,781200000.0,376800000.0,2341400000.0,402900000.0,3453400000.0
E07000117,Burnley,3000.0,19000.0,14300.0,30000.0,27100.0,23700.0,10000.0,16200.0,15300.0,39000.0,28200.0,23700.0,39000.0,3150.0,1970.0,122850000.0,57000000.0,813000000.0,162000000.0,1099800000.0
E07000118,Chorley,5000.0,19700.0,14100.0,47000.0,32600.0,25000.0,19000.0,19500.0,16300.0,63000.0,34900.0,26600.0,63000.0,5010.0,2430.0,315630000.0,98500000.0,1532200000.0,370500000.0,2198700000.0
E07000119,Fylde,3000.0,26200.0,15100.0,31000.0,34500.0,25100.0,17000.0,21400.0,17500.0,45000.0,37300.0,27400.0,45000.0,5860.0,2630.0,263700000.0,78600000.0,1069500000.0,363800000.0,1678500000.0
E07000120,Hyndburn,3000.0,20600.0,17200.0,26000.0,27500.0,24700.0,8000.0,16000.0,15500.0,33000.0,28600.0,24700.0,33000.0,3150.0,2150.0,103950000.0,61800000.0,715000000.0,128000000.0,943800000.0
E07000121,Lancaster,7000.0,22100.0,15200.0,45000.0,29900.0,23400.0,22000.0,18600.0,15200.0,65000.0,32000.0,24700.0,65000.0,4210.0,2090.0,273650000.0,154700000.0,1345500000.0,409200000.0,2080000000.0
E07000122,Pendle,4000.0,17000.0,13300.0,30000.0,25800.0,21800.0,10000.0,19300.0,17900.0,40000.0,28000.0,22000.0,40000.0,3220.0,1700.0,128800000.0,68000000.0,774000000.0,193000000.0,1120000000.0
E07000123,Preston,6000.0,20800.0,15900.0,58000.0,29200.0,23200.0,15000.0,18500.0,16100.0,71000.0,31200.0,24700.0,71000.0,4050.0,2180.0,287550000.0,124800000.0,1693600000.0,277500000.0,2215200000.0
E07000124,Ribble Valley,4000.0,24700.0,16200.0,25000.0,33400.0,25800.0,16000.0,20100.0,17400.0,39000.0,37300.0,26500.0,39000.0,6050.0,2490.0,235950000.0,98800000.0,835000000.0,321600000.0,1454700000.0
E07000125,Rossendale,4000.0,23100.0,17100.0,25000.0,31500.0,25200.0,7000.0,17100.0,15100.0,31000.0,34500.0,26100.0,31000.0,4900.0,2410.0,151900000.0,92400000.0,787500000.0,119700000.0,1069500000.0
E07000126,South Ribble,5000.0,21800.0,18300.0,45000.0,31700.0,26700.0,19000.0,19800.0,18000.0,62000.0,33100.0,26900.0,62000.0,4410.0,2520.0,273420000.0,109000000.0,1426500000.0,376200000.0,2052200000.0
E07000127,West Lancashire,5000.0,24400.0,15700.0,40000.0,32400.0,25600.0,19000.0,20700.0,18000.0,57000.0,36200.0,27100.0,57000.0,5440.0,2550.0,310080000.0,122000000.0,1296000000.0,393300000.0,2063400000.0
E07000128,Wyre,6000.0,23800.0,14800.0,38000.0,29800.0,23500.0,21000.0,17800.0,16000.0,56000.0,32600.0,24400.0,56000.0,4370.0,2100.0,244720000.0,142800000.0,1132400000.0,373800000.0,1825600000.0
E07000129,Blaby,5000.0,22400.0,19400.0,42000.0,32400.0,26800.0,15000.0,17200.0,15400.0,55000.0,33400.0,26600.0,55000.0,4510.0,2490.0,248050000.0,112000000.0,1360800000.0,258000000.0,1837000000.0
E07000130,Charnwood,8000.0,26000.0,17800.0,68000.0,31900.0,25900.0,24000.0,19500.0,17100.0,90000.0,35300.0,26700.0,90000.0,5240.0,2490.0,471600000.0,208000000.0,2169200000.0,468000000.0,3177000000.0
E07000131,Harborough,6000.0,29400.0,17800.0,40000.0,39500.0,28200.0,16000.0,21700.0,17400.0,54000.0,44200.0,31200.0,54000.0,8100.0,3040.0,437400000.0,176400000.0,1580000000.0,347200000.0,2386800000.0
E07000132,Hinckley and Bosworth,6000.0,23500.0,14100.0,47000.0,32700.0,26800.0,18000.0,18500.0,16400.0,62000.0,34700.0,27400.0,62000.0,5040.0,2620.0,312480000.0,141000000.0,1536900000.0,333000000.0,2151400000.0
E07000133,Melton,3000.0,23000.0,14900.0,21000.0,31800.0,22800.0,8000.0,22300.0,18900.0,28000.0,36400.0,26400.0,28000.0,5720.0,2430.0,160160000.0,69000000.0,667800000.0,178400000.0,1019200000.0
E07000134,North West Leicestershire,4000.0,23700.0,17500.0,44000.0,34100.0,27500.0,16000.0,19900.0,16900.0,57000.0,35800.0,27700.0,57000.0,5340.0,2700.0,304380000.0,94800000.0,1500400000.0,318400000.0,2040600000.0
E07000135,Oadby and Wigston,2000.0,30500.0,18000.0,20000.0,34000.0,27200.0,8000.0,19600.0,18300.0,27000.0,36400.0,28100.0,27000.0,5340.0,2800.0,144180000.0,61000000.0,680000000.0,156800000.0,982800000.0
E07000136,Boston,3000.0,20300.0,15600.0,28000.0,25700.0,22300.0,7000.0,17100.0,15200.0,35000.0,27500.0,22500.0,35000.0,3110.0,1820.0,108850000.0,60900000.0,719600000.0,119700000.0,962500000.0
E07000137,East Lindsey,7000.0,20000.0,14100.0,41000.0,26900.0,22100.0,25000.0,18300.0,16400.0,62000.0,29300.0,23600.0,62000.0,3470.0,1930.0,215140000.0,140000000.0,1102900000.0,457500000.0,1816600000.0
E07000138,Lincoln,4000.0,21600.0,19100.0,36000.0,28300.0,23700.0,10000.0,18700.0,15400.0,45000.0,29900.0,24400.0,45000.0,3610.0,2170.0,162450000.0,86400000.0,1018800000.0,187000000.0,1345500000.0
E07000139,North Kesteven,6000.0,22200.0,16500.0,44000.0,32400.0,27000.0,22000.0,18600.0,16700.0,61000.0,34200.0,27000.0,61000.0,4760.0,2570.0,290360000.0,133200000.0,1425600000.0,409200000.0,2086200000.0
E07000140,South Holland,5000.0,22000.0,17500.0,39000.0,28600.0,25000.0,13000.0,17000.0,15500.0,52000.0,30400.0,25100.0,52000.0,3810.0,2260.0,198120000.0,110000000.0,1115400000.0,221000000.0,1580800000.0
E07000141,South Kesteven,7000.0,25300.0,17500.0,55000.0,34500.0,25700.0,25000.0,19700.0,17000.0,76000.0,36800.0,27400.0,76000.0,5790.0,2600.0,440040000.0,177100000.0,1897500000.0,492500000.0,2796800000.0
E07000142,West Lindsey,5000.0,22100.0,14400.0,36000.0,31700.0,25500.0,16000.0,20900.0,18300.0,49000.0,35300.0,26900.0,49000.0,5140.0,2530.0,251860000.0,110500000.0,1141200000.0,334400000.0,1729700000.0
E07000143,Breckland,8000.0,24500.0,18000.0,50000.0,29800.0,24900.0,23000.0,18600.0,16800.0,72000.0,31500.0,24900.0,72000.0,4220.0,2230.0,303840000.0,196000000.0,1490000000.0,427800000.0,2268000000.0
E07000144,Broadland,8000.0,27400.0,17400.0,47000.0,31000.0,24500.0,24000.0,18800.0,17200.0,69000.0,33900.0,25100.0,69000.0,4930.0,2240.0,340170000.0,219200000.0,1457000000.0,451200000.0,2339100000.0
E07000145,Great Yarmouth,5000.0,19600.0,15100.0,33000.0,27100.0,24200.0,16000.0,18000.0,16300.0,48000.0,28500.0,23800.0,48000.0,3280.0,2090.0,157440000.0,98000000.0,894300000.0,288000000.0,1368000000.0
E07000146,King's Lynn and West Norfolk,9000.0,27000.0,15900.0,54000.0,29300.0,23600.0,24000.0,18600.0,16000.0,75000.0,32700.0,24900.0,75000.0,4610.0,2230.0,345750000.0,243000000.0,1582200000.0,446400000.0,2452500000.0
E07000147,North Norfolk,7000.0,22600.0,15800.0,32000.0,28900.0,22200.0,20000.0,20700.0,16800.0,50000.0,32500.0,24000.0,50000.0,4540.0,2060.0,227000000.0,158200000.0,924800000.0,414000000.0,1625000000.0
E07000148,Norwich,7000.0,23700.0,15400.0,52000.0,31100.0,26100.0,14000.0,18700.0,16000.0,67000.0,32500.0,25900.0,67000.0,4360.0,2440.0,292120000.0,165900000.0,1617200000.0,261800000.0,2177500000.0
E07000149,South Norfolk,9000.0,23500.0,15500.0,52000.0,34500.0,27600.0,24000.0,21000.0,17800.0,75000.0,37000.0,28200.0,75000.0,5780.0,2770.0,433500000.0,211500000.0,1794000000.0,504000000.0,2775000000.0
E07000170,Ashfield,5000.0,21000.0,19100.0,45000.0,28200.0,24100.0,17000.0,15600.0,15300.0,60000.0,28600.0,23700.0,60000.0,3280.0,2050.0,196800000.0,105000000.0,1269000000.0,265200000.0,1716000000.0
E07000171,Bassetlaw,5000.0,21400.0,14900.0,44000.0,31200.0,24400.0,19000.0,17600.0,16300.0,59000.0,32800.0,25300.0,59000.0,4550.0,2270.0,268450000.0,107000000.0,1372800000.0,334400000.0,1935200000.0
E07000172,Broxtowe,4000.0,21000.0,15600.0,43000.0,33600.0,27300.0,19000.0,18400.0,17300.0,58000.0,34400.0,26800.0,58000.0,4870.0,2590.0,282460000.0,84000000.0,1444800000.0,349600000.0,1995200000.0
E07000173,Gedling,6000.0,23300.0,16400.0,45000.0,30200.0,25300.0,16000.0,19900.0,17300.0,60000.0,32800.0,26400.0,60000.0,4330.0,2440.0,259800000.0,139800000.0,1359000000.0,318400000.0,1968000000.0
E07000174,Mansfield,6000.0,19000.0,15500.0,40000.0,27800.0,23500.0,15000.0,17200.0,16400.0,53000.0,29100.0,23600.0,53000.0,3410.0,1990.0,180730000.0,114000000.0,1112000000.0,258000000.0,1542300000.0
E07000175,Newark and Sherwood,7000.0,23100.0,15700.0,45000.0,31300.0,23600.0,21000.0,19800.0,17700.0,64000.0,34200.0,24800.0,64000.0,5090.0,2220.0,325760000.0,161700000.0,1408500000.0,415800000.0,2188800000.0
E07000176,Rushcliffe,6000.0,30000.0,15400.0,48000.0,43200.0,29600.0,19000.0,23400.0,19500.0,65000.0,46300.0,32000.0,65000.0,8840.0,3280.0,574600000.0,180000000.0,2073600000.0,444600000.0,3009500000.0
E07000177,Cherwell,9000.0,29400.0,13200.0,69000.0,36200.0,27200.0,19000.0,20900.0,17400.0,87000.0,40400.0,28000.0,87000.0,7070.0,2780.0,615090000.0,264600000.0,2497800000.0,397100000.0,3514800000.0
E07000178,Oxford,9000.0,26100.0,12700.0,57000.0,40900.0,31100.0,13000.0,23600.0,17400.0,70000.0,45200.0,31500.0,70000.0,8450.0,3460.0,591500000.0,234900000.0,2331300000.0,306800000.0,3164000000.0
E07000179,South Oxfordshire,10000.0,40900.0,18200.0,59000.0,50900.0,31200.0,25000.0,24600.0,18900.0,83000.0,54900.0,33300.0,83000.0,12200.0,3530.0,1012600000.0,409000000.0,3003100000.0,615000000.0,4556700000.0
E07000180,Vale of White Horse,8000.0,30800.0,19400.0,58000.0,43900.0,31100.0,22000.0,23100.0,19300.0,78000.0,45900.0,32500.0,78000.0,8720.0,3590.0,680160000.0,246400000.0,2546200000.0,508200000.0,3580200000.0
E07000181,West Oxfordshire,8000.0,34400.0,15500.0,50000.0,39200.0,29100.0,19000.0,22800.0,18100.0,67000.0,45300.0,31000.0,67000.0,8500.0,3240.0,569500000.0,275200000.0,1960000000.0,433200000.0,3035100000.0
E07000192,Cannock Chase,5000.0,21400.0,20100.0,36000.0,28900.0,25400.0,12000.0,17400.0,17200.0,47000.0,30000.0,25400.0,47000.0,3540.0,2320.0,166380000.0,107000000.0,1040400000.0,208800000.0,1410000000.0
E07000193,East Staffordshire,6000.0,20900.0,13500.0,48000.0,32600.0,24900.0,14000.0,20200.0,17100.0,61000.0,34300.0,25300.0,61000.0,5060.0,2310.0,308660000.0,125400000.0,1564800000.0,282800000.0,2092300000.0
E07000194,Lichfield,7000.0,23200.0,16400.0,41000.0,36200.0,27200.0,18000.0,21900.0,18000.0,58000.0,39400.0,28800.0,58000.0,6590.0,2800.0,382220000.0,162400000.0,1484200000.0,394200000.0,2285200000.0
E07000195,Newcastle-under-Lyme,6000.0,18500.0,14200.0,48000.0,33200.0,25000.0,19000.0,16600.0,15800.0,64000.0,34700.0,24500.0,64000.0,5590.0,2150.0,357760000.0,111000000.0,1593600000.0,315400000.0,2220800000.0
E07000196,South Staffordshire,6000.0,21800.0,14100.0,44000.0,34400.0,27200.0,22000.0,19100.0,17000.0,62000.0,36900.0,26800.0,62000.0,5710.0,2510.0,354020000.0,130800000.0,1513600000.0,420200000.0,2287800000.0
E07000197,Stafford,6000.0,23900.0,17000.0,54000.0,33300.0,26500.0,22000.0,20000.0,18200.0,73000.0,36000.0,27700.0,73000.0,5370.0,2600.0,392010000.0,143400000.0,1798200000.0,440000000.0,2628000000.0
E07000198,Staffordshire Moorlands,6000.0,19500.0,14000.0,37000.0,29200.0,24500.0,18000.0,18000.0,16200.0,53000.0,31500.0,25200.0,53000.0,3990.0,2200.0,211470000.0,117000000.0,1080400000.0,324000000.0,1669500000.0
E07000199,Tamworth,3000.0,18200.0,16700.0,31000.0,30400.0,25200.0,9000.0,19200.0,18200.0,39000.0,30800.0,25000.0,39000.0,3800.0,2350.0,148200000.0,54600000.0,942400000.0,172800000.0,1201200000.0
E07000200,Babergh,6000.0,33100.0,14300.0,35000.0,35000.0,25300.0,17000.0,21200.0,18300.0,50000.0,39600.0,27200.0,50000.0,6770.0,2640.0,338500000.0,198600000.0,1225000000.0,360400000.0,1980000000.0
E07000202,Ipswich,6000.0,22000.0,18000.0,55000.0,30000.0,24800.0,17000.0,18400.0,16000.0,71000.0,30500.0,24400.0,71000.0,3880.0,2140.0,275480000.0,132000000.0,1650000000.0,312800000.0,2165500000.0
E07000203,Mid Suffolk,6000.0,24700.0,14800.0,37000.0,34400.0,26300.0,20000.0,19300.0,16300.0,53000.0,37700.0,28000.0,53000.0,5970.0,2710.0,316410000.0,148200000.0,1272800000.0,386000000.0,1998100000.0
E07000207,Elmbridge,10000.0,82500.0,18200.0,56000.0,89600.0,39100.0,19000.0,28800.0,19100.0,76000.0,94000.0,42200.0,76000.0,27700.0,5100.0,2105200000.0,825000000.0,5017600000.0,547200000.0,7144000000.0
E07000208,Epsom and Ewell,5000.0,29700.0,18700.0,33000.0,51300.0,33800.0,11000.0,23600.0,20300.0,44000.0,51900.0,35100.0,44000.0,10800.0,3830.0,475200000.0,148500000.0,1692900000.0,259600000.0,2283600000.0
E07000209,Guildford,10000.0,52900.0,16700.0,62000.0,52200.0,31000.0,20000.0,26000.0,18600.0,81000.0,58900.0,34300.0,81000.0,13600.0,3850.0,1101600000.0,529000000.0,3236400000.0,520000000.0,4770900000.0
E07000210,Mole Valley,7000.0,32100.0,16300.0,34000.0,54500.0,30200.0,16000.0,27600.0,18700.0,48000.0,58600.0,33800.0,48000.0,13700.0,3650.0,657600000.0,224700000.0,1853000000.0,441600000.0,2812800000.0
E07000211,Reigate and Banstead,9000.0,33300.0,16700.0,64000.0,50900.0,33400.0,19000.0,25300.0,19000.0,84000.0,53900.0,34500.0,84000.0,11800.0,3820.0,991200000.0,299700000.0,3257600000.0,480700000.0,4527600000.0
E07000212,Runnymede,4000.0,37800.0,18100.0,37000.0,50300.0,30800.0,11000.0,23800.0,19700.0,47000.0,53100.0,33100.0,47000.0,11700.0,3540.0,549900000.0,151200000.0,1861100000.0,261800000.0,2495700000.0
E07000213,Spelthorne,5000.0,22700.0,17100.0,41000.0,40300.0,31300.0,13000.0,22300.0,19500.0,55000.0,41500.0,31800.0,55000.0,7110.0,3390.0,391050000.0,113500000.0,1652300000.0,289900000.0,2282500000.0
E07000214,Surrey Heath,6000.0,28700.0,17500.0,35000.0,51600.0,34800.0,14000.0,25800.0,20800.0,49000.0,52700.0,35400.0,49000.0,11200.0,3990.0,548800000.0,172200000.0,1806000000.0,361200000.0,2582300000.0
E07000215,Tandridge,6000.0,47000.0,16700.0,32000.0,58000.0,32800.0,14000.0,24300.0,20300.0,46000.0,60100.0,34300.0,46000.0,14400.0,3740.0,662400000.0,282000000.0,1856000000.0,340200000.0,2764600000.0
E07000216,Waverley,10000.0,59900.0,16200.0,53000.0,58100.0,32100.0,23000.0,27300.0,19500.0,75000.0,65000.0,35700.0,75000.0,16100.0,4040.0,1207500000.0,599000000.0,3079300000.0,627900000.0,4875000000.0
E07000217,Woking,6000.0,46100.0,19200.0,43000.0,53700.0,32000.0,12000.0,25600.0,18500.0,57000.0,55800.0,33700.0,57000.0,12700.0,3690.0,723900000.0,276600000.0,2309100000.0,307200000.0,3180600000.0
E07000218,North Warwickshire,3000.0,19500.0,16300.0,24000.0,32300.0,26800.0,9000.0,17700.0,16400.0,32000.0,33500.0,26600.0,32000.0,4780.0,2450.0,152960000.0,58500000.0,775200000.0,159300000.0,1072000000.0
E07000219,Nuneaton and Bedworth,5000.0,20900.0,19400.0,51000.0,30300.0,25900.0,17000.0,17900.0,16400.0,67000.0,30600.0,25200.0,67000.0,3740.0,2300.0,250580000.0,104500000.0,1545300000.0,304300000.0,2050200000.0
E07000220,Rugby,4000.0,26600.0,15600.0,51000.0,35400.0,27500.0,16000.0,19600.0,18000.0,64000.0,37100.0,28100.0,64000.0,5710.0,2770.0,365440000.0,106400000.0,1805400000.0,313600000.0,2374400000.0
E07000221,Stratford-on-Avon,9000.0,27800.0,15200.0,53000.0,43200.0,28500.0,24000.0,23100.0,17900.0,73000.0,48200.0,31400.0,73000.0,9760.0,3210.0,712480000.0,250200000.0,2289600000.0,554400000.0,3518600000.0
E07000222,Warwick,7000.0,25800.0,14200.0,64000.0,41200.0,29700.0,24000.0,21300.0,17600.0,83000.0,44200.0,31200.0,83000.0,8130.0,3210.0,674790000.0,180600000.0,2636800000.0,511200000.0,3668600000.0
E07000223,Adur,4000.0,21800.0,16900.0,21000.0,34500.0,27200.0,10000.0,19500.0,16900.0,31000.0,34600.0,27400.0,31000.0,5040.0,2670.0,156240000.0,87200000.0,724500000.0,195000000.0,1072600000.0
E07000224,Arun,11000.0,21100.0,17600.0,54000.0,30600.0,23900.0,31000.0,21300.0,17600.0,83000.0,33300.0,25500.0,83000.0,4710.0,2370.0,390930000.0,232100000.0,1652400000.0,660300000.0,2763900000.0
E07000225,Chichester,9000.0,34700.0,16800.0,46000.0,40100.0,25400.0,24000.0,23800.0,18200.0,68000.0,45500.0,28300.0,68000.0,8980.0,2760.0,610640000.0,312300000.0,1844600000.0,571200000.0,3094000000.0
E07000226,Crawley,6000.0,23200.0,19200.0,45000.0,33400.0,27900.0,10000.0,17900.0,17000.0,56000.0,34100.0,27900.0,56000.0,4830.0,2790.0,270480000.0,139200000.0,1503000000.0,179000000.0,1909600000.0
E07000227,Horsham,10000.0,27600.0,16700.0,56000.0,42100.0,30600.0,26000.0,24400.0,18900.0,81000.0,45300.0,32500.0,81000.0,8490.0,3470.0,687690000.0,276000000.0,2357600000.0,634400000.0,3669300000.0
E07000228,Mid Sussex,10000.0,31600.0,15000.0,60000.0,45400.0,29700.0,25000.0,24700.0,20100.0,84000.0,47400.0,30200.0,84000.0,9570.0,3060.0,803880000.0,316000000.0,2724000000.0,617500000.0,3981600000.0
E07000229,Worthing,5000.0,21400.0,16300.0,43000.0,33900.0,27000.0,18000.0,20500.0,17800.0,60000.0,35200.0,27500.0,60000.0,5100.0,2640.0,306000000.0,107000000.0,1457700000.0,369000000.0,2112000000.0
E07000234,Bromsgrove,5000.0,39500.0,18000.0,40000.0,39000.0,29500.0,16000.0,21300.0,18100.0,53000.0,43600.0,31000.0,53000.0,7900.0,3220.0,418700000.0,197500000.0,1560000000.0,340800000.0,2310800000.0
E07000235,Malvern Hills,5000.0,28000.0,15900.0,26000.0,35100.0,25200.0,17000.0,22300.0,18500.0,40000.0,39500.0,27800.0,40000.0,6530.0,2660.0,261200000.0,140000000.0,912600000.0,379100000.0,1580000000.0
E07000236,Redditch,5000.0,22400.0,18500.0,39000.0,30200.0,24800.0,13000.0,17900.0,16900.0,50000.0,32400.0,25200.0,50000.0,4180.0,2350.0,209000000.0,112000000.0,1177800000.0,232700000.0,1620000000.0
E07000237,Worcester,5000.0,21400.0,16300.0,40000.0,30500.0,25800.0,13000.0,18000.0,16200.0,52000.0,31900.0,26100.0,52000.0,4180.0,2520.0,217360000.0,107000000.0,1220000000.0,234000000.0,1658800000.0
E07000238,Wychavon,8000.0,25600.0,16700.0,49000.0,34400.0,25200.0,22000.0,21000.0,17800.0,68000.0,38800.0,28000.0,68000.0,6370.0,2660.0,433160000.0,204800000.0,1685600000.0,462000000.0,2638400000.0
E07000239,Wyre Forest,6000.0,18800.0,15500.0,36000.0,29700.0,23700.0,16000.0,19300.0,16900.0,51000.0,32200.0,24700.0,51000.0,4330.0,2140.0,220830000.0,112800000.0,1069200000.0,308800000.0,1642200000.0
E07000240,St Albans,11000.0,62300.0,15500.0,64000.0,65400.0,35200.0,22000.0,24800.0,19800.0,86000.0,68700.0,35700.0,86000.0,17800.0,4070.0,1530800000.0,685300000.0,4185600000.0,545600000.0,5908200000.0
E07000241,Welwyn Hatfield,6000.0,32800.0,17300.0,45000.0,44600.0,30300.0,13000.0,21900.0,17900.0,57000.0,48200.0,31400.0,57000.0,9750.0,3400.0,555750000.0,196800000.0,2007000000.0,284700000.0,2747400000.0
E07000242,East Hertfordshire,10000.0,34200.0,19100.0,64000.0,48700.0,31500.0,22000.0,22900.0,19600.0,86000.0,51500.0,33500.0,86000.0,11000.0,3680.0,946000000.0,342000000.0,3116800000.0,503800000.0,4429000000.0
E07000243,Stevenage,5000.0,20300.0,17200.0,36000.0,34900.0,29700.0,8000.0,19400.0,17800.0,45000.0,35900.0,30300.0,45000.0,5110.0,3200.0,229950000.0,101500000.0,1256400000.0,155200000.0,1615500000.0
E07000244,East Suffolk,14000.0,23500.0,15400.0,79000.0,33100.0,24500.0,45000.0,20500.0,17500.0,121000.0,35500.0,25200.0,121000.0,5610.0,2280.0,678810000.0,329000000.0,2614900000.0,922500000.0,4295500000.0
E07000245,West Suffolk,11000.0,27000.0,18400.0,65000.0,32700.0,25800.0,24000.0,20300.0,17200.0,88000.0,35900.0,26400.0,88000.0,5470.0,2550.0,481360000.0,297000000.0,2125500000.0,487200000.0,3159200000.0
E08000001,Bolton,11000.0,24100.0,16100.0,98000.0,28800.0,23400.0,31000.0,18200.0,16600.0,127000.0,30800.0,23700.0,127000.0,3940.0,2030.0,500380000.0,265100000.0,2822400000.0,564200000.0,3911600000.0
E08000002,Bury,8000.0,25200.0,17200.0,70000.0,32200.0,26500.0,27000.0,18100.0,16100.0,92000.0,34400.0,27200.0,92000.0,4940.0,2560.0,454480000.0,201600000.0,2254000000.0,488700000.0,3164800000.0
E08000003,Manchester,19000.0,21300.0,14900.0,178000.0,30400.0,24000.0,27000.0,17200.0,15300.0,205000.0,32400.0,24900.0,205000.0,4490.0,2280.0,920450000.0,404700000.0,5411200000.0,464400000.0,6642000000.0
E08000004,Oldham,8000.0,21500.0,16800.0,75000.0,28700.0,22900.0,24000.0,17400.0,15700.0,96000.0,30100.0,23300.0,96000.0,3700.0,1950.0,355200000.0,172000000.0,2152500000.0,417600000.0,2889600000.0
E08000005,Rochdale,8000.0,19600.0,15000.0,71000.0,29000.0,24100.0,22000.0,17100.0,15800.0,91000.0,30100.0,24100.0,91000.0,3730.0,2140.0,339430000.0,156800000.0,2059000000.0,376200000.0,2739100000.0
E08000006,Salford,11000.0,22700.0,16900.0,106000.0,31900.0,25100.0,23000.0,17000.0,15600.0,126000.0,34200.0,25700.0,126000.0,5050.0,2440.0,636300000.0,249700000.0,3381400000.0,391000000.0,4309200000.0
E08000007,Stockport,15000.0,26500.0,15600.0,116000.0,35300.0,27100.0,43000.0,20000.0,17100.0,155000.0,37400.0,27900.0,155000.0,5850.0,2670.0,906750000.0,397500000.0,4094800000.0,860000000.0,5797000000.0
E08000008,Tameside,8000.0,21400.0,16700.0,85000.0,28800.0,24200.0,25000.0,15900.0,15300.0,106000.0,29600.0,24300.0,106000.0,3520.0,2130.0,373120000.0,171200000.0,2448000000.0,397500000.0,3137600000.0
E08000009,Trafford,11000.0,33300.0,16900.0,97000.0,42200.0,29100.0,30000.0,20100.0,16200.0,123000.0,45800.0,30400.0,123000.0,8880.0,3160.0,1092240000.0,366300000.0,4093400000.0,603000000.0,5633400000.0
E08000010,Wigan,13000.0,20200.0,16900.0,132000.0,30100.0,25600.0,40000.0,16600.0,16200.0,168000.0,30500.0,25200.0,168000.0,3680.0,2290.0,618240000.0,262600000.0,3973200000.0,664000000.0,5124000000.0
E08000011,Knowsley,6000.0,19400.0,17300.0,59000.0,27700.0,23900.0,14000.0,16000.0,15100.0,71000.0,28900.0,24300.0,71000.0,3410.0,2070.0,242110000.0,116400000.0,1634300000.0,224000000.0,2051900000.0
E08000012,Liverpool,15000.0,21300.0,15200.0,164000.0,29800.0,24600.0,39000.0,17200.0,15200.0,196000.0,31400.0,24900.0,196000.0,4130.0,2250.0,809480000.0,319500000.0,4887200000.0,670800000.0,6154400000.0
E08000013,St. Helens,6000.0,22600.0,17700.0,68000.0,30100.0,25400.0,22000.0,17300.0,16000.0,87000.0,30800.0,25100.0,87000.0,3830.0,2340.0,333210000.0,135600000.0,2046800000.0,380600000.0,2679600000.0
E08000014,Sefton,12000.0,22900.0,16400.0,100000.0,32300.0,25200.0,44000.0,19900.0,17500.0,137000.0,33900.0,25800.0,137000.0,4950.0,2370.0,678150000.0,274800000.0,3230000000.0,875600000.0,4644300000.0
E08000015,Wirral,11000.0,25700.0,17300.0,112000.0,31900.0,26000.0,47000.0,19000.0,16700.0,151000.0,33300.0,26000.0,151000.0,4650.0,2420.0,702150000.0,282700000.0,3572800000.0,893000000.0,5028300000.0
E08000016,Barnsley,11000.0,20900.0,16200.0,89000.0,29700.0,24100.0,35000.0,17700.0,16700.0,121000.0,30100.0,24000.0,121000.0,3890.0,2100.0,470690000.0,229900000.0,2643300000.0,619500000.0,3642100000.0
E08000017,Doncaster,13000.0,18600.0,14100.0,110000.0,29200.0,24100.0,39000.0,17000.0,16300.0,143000.0,30500.0,24300.0,143000.0,3800.0,2090.0,543400000.0,241800000.0,3212000000.0,663000000.0,4361500000.0
E08000018,Rotherham,11000.0,20400.0,16200.0,94000.0,29900.0,24900.0,32000.0,16800.0,15500.0,123000.0,30700.0,24600.0,123000.0,3810.0,2200.0,468630000.0,224400000.0,2810600000.0,537600000.0,3776100000.0
E08000019,Sheffield,22000.0,23500.0,15500.0,185000.0,30300.0,24500.0,54000.0,19000.0,16500.0,233000.0,32600.0,25400.0,233000.0,4390.0,2300.0,1022870000.0,517000000.0,5605500000.0,1026000000.0,7595800000.0
E08000021,Newcastle upon Tyne,10000.0,28200.0,14800.0,93000.0,32900.0,24900.0,27000.0,20000.0,17400.0,118000.0,35400.0,25700.0,118000.0,5320.0,2380.0,627760000.0,282000000.0,3059700000.0,540000000.0,4177200000.0
E08000022,North Tyneside,8000.0,22700.0,14700.0,80000.0,31500.0,25900.0,29000.0,20000.0,17900.0,104000.0,32600.0,25900.0,104000.0,4320.0,2470.0,449280000.0,181600000.0,2520000000.0,580000000.0,3390400000.0
E08000023,South Tyneside,5000.0,19900.0,15300.0,51000.0,29900.0,25300.0,18000.0,16700.0,15200.0,66000.0,30700.0,25500.0,66000.0,3740.0,2380.0,246840000.0,99500000.0,1524900000.0,300600000.0,2026200000.0
E08000024,Sunderland,8000.0,20200.0,14300.0,97000.0,27800.0,24300.0,38000.0,15900.0,15200.0,125000.0,28700.0,23900.0,125000.0,3310.0,2100.0,413750000.0,161600000.0,2696600000.0,604200000.0,3587500000.0
E08000025,Birmingham,38000.0,25200.0,15700.0,332000.0,30500.0,24500.0,88000.0,17200.0,15800.0,417000.0,32200.0,24700.0,417000.0,4390.0,2220.0,1830630000.0,957600000.0,10126000000.0,1513600000.0,13427400000.0
E08000026,Coventry,10000.0,20400.0,15600.0,118000.0,30200.0,25600.0,37000.0,17900.0,16400.0,152000.0,30500.0,24900.0,152000.0,3780.0,2240.0,574560000.0,204000000.0,3563600000.0,662300000.0,4636000000.0
E08000027,Dudley,13000.0,20200.0,16400.0,114000.0,29000.0,24500.0,36000.0,17200.0,15700.0,147000.0,29700.0,24200.0,147000.0,3500.0,2130.0,514500000.0,262600000.0,3306000000.0,619200000.0,4365900000.0
E08000028,Sandwell,12000.0,17300.0,15800.0,111000.0,27400.0,23600.0,25000.0,14600.0,14300.0,134000.0,27800.0,23400.0,134000.0,3030.0,1960.0,406020000.0,207600000.0,3041400000.0,365000000.0,3725200000.0
E08000029,Solihull,9000.0,31100.0,16500.0,84000.0,38600.0,27500.0,34000.0,21400.0,18400.0,115000.0,40800.0,28300.0,115000.0,7140.0,2790.0,821100000.0,279900000.0,3242400000.0,727600000.0,4692000000.0
E08000030,Walsall,11000.0,22400.0,19100.0,90000.0,28900.0,24000.0,29000.0,17100.0,15600.0,117000.0,30100.0,24000.0,117000.0,3710.0,2100.0,434070000.0,246400000.0,2601000000.0,495900000.0,3521700000.0
E08000031,Wolverhampton,10000.0,19500.0,15500.0,93000.0,28600.0,23900.0,32000.0,15500.0,15400.0,120000.0,29200.0,23300.0,120000.0,3550.0,1910.0,426000000.0,195000000.0,2659800000.0,496000000.0,3504000000.0
E08000032,Bradford,20000.0,23000.0,15100.0,159000.0,29100.0,23700.0,46000.0,18200.0,16100.0,202000.0,31400.0,24400.0,202000.0,4130.0,2150.0,834260000.0,460000000.0,4626900000.0,837200000.0,6342800000.0
E08000033,Calderdale,8000.0,18500.0,14700.0,72000.0,30200.0,24900.0,29000.0,18600.0,16100.0,97000.0,31900.0,24900.0,97000.0,4170.0,2180.0,404490000.0,148000000.0,2174400000.0,539400000.0,3094300000.0
E08000034,Kirklees,19000.0,20300.0,14900.0,150000.0,30300.0,24400.0,52000.0,18700.0,16800.0,198000.0,32200.0,25100.0,198000.0,4270.0,2210.0,845460000.0,385700000.0,4545000000.0,972400000.0,6375600000.0
E08000035,Leeds,32000.0,25700.0,16400.0,296000.0,33300.0,26700.0,91000.0,18800.0,16700.0,381000.0,35100.0,26800.0,381000.0,5200.0,2540.0,1981200000.0,822400000.0,9856800000.0,1710800000.0,13373100000.0
E08000036,Wakefield,14000.0,20900.0,17300.0,139000.0,30300.0,25200.0,46000.0,17700.0,16100.0,179000.0,31000.0,25200.0,179000.0,3920.0,2300.0,701680000.0,292600000.0,4211700000.0,814200000.0,5549000000.0
E08000037,Gateshead,5000.0,21900.0,15900.0,75000.0,30000.0,25600.0,25000.0,17400.0,15900.0,95000.0,30600.0,25300.0,95000.0,3770.0,2300.0,358150000.0,109500000.0,2250000000.0,435000000.0,2907000000.0
E09000001,City of London,2000.0,292000.0,43800.0,7000.0,122000.0,55400.0,1000.0,38900.0,24700.0,9000.0,167000.0,62200.0,9000.0,56400.0,11400.0,507600000.0,584000000.0,854000000.0,38900000.0,1503000000.0
E09000002,Barking and Dagenham,17000.0,21100.0,19400.0,73000.0,31000.0,27600.0,9000.0,14800.0,14200.0,90000.0,31800.0,28000.0,90000.0,3910.0,2820.0,351900000.0,358700000.0,2263000000.0,133200000.0,2862000000.0
E09000003,Barnet,33000.0,46900.0,19000.0,144000.0,51400.0,31000.0,36000.0,21300.0,17400.0,190000.0,59100.0,33500.0,190000.0,13700.0,3600.0,2603000000.0,1547700000.0,7401600000.0,766800000.0,11229000000.0
E09000004,Bexley,14000.0,22000.0,18300.0,103000.0,38000.0,29800.0,33000.0,18400.0,17200.0,135000.0,38000.0,29300.0,135000.0,6040.0,3020.0,815400000.0,308000000.0,3914000000.0,607200000.0,5130000000.0
E09000005,Brent,27000.0,30400.0,18300.0,118000.0,41400.0,29000.0,19000.0,18100.0,15900.0,149000.0,44100.0,30000.0,149000.0,8370.0,3200.0,1247130000.0,820800000.0,4885200000.0,343900000.0,6570900000.0
E09000006,Bromley,21000.0,39100.0,17100.0,132000.0,52800.0,35500.0,43000.0,24200.0,20300.0,176000.0,54500.0,35800.0,176000.0,12000.0,4080.0,2112000000.0,821100000.0,6969600000.0,1040600000.0,9592000000.0
E09000007,Camden,16000.0,176000.0,18100.0,87000.0,84400.0,36800.0,16000.0,26500.0,16900.0,108000.0,119000.0,38900.0,108000.0,37800.0,4790.0,4082400000.0,2816000000.0,7342800000.0,424000000.0,12852000000.0
E09000008,Croydon,22000.0,22900.0,15100.0,156000.0,38900.0,29400.0,36000.0,20800.0,17400.0,192000.0,40900.0,30400.0,192000.0,6970.0,3200.0,1338240000.0,503800000.0,6068400000.0,748800000.0,7852800000.0
E09000009,Ealing,25000.0,34200.0,19400.0,145000.0,44200.0,29800.0,26000.0,19700.0,16400.0,178000.0,46800.0,30900.0,178000.0,9460.0,3270.0,1683880000.0,855000000.0,6409000000.0,512200000.0,8330400000.0
E09000010,Enfield,22000.0,28000.0,18200.0,109000.0,39400.0,28600.0,28000.0,20300.0,17000.0,142000.0,42800.0,29900.0,142000.0,7810.0,3110.0,1109020000.0,616000000.0,4294600000.0,568400000.0,6077600000.0
E09000011,Greenwich,17000.0,37200.0,17700.0,113000.0,47200.0,32000.0,18000.0,17900.0,15600.0,136000.0,48900.0,31800.0,136000.0,10100.0,3520.0,1373600000.0,632400000.0,5333600000.0,322200000.0,6650400000.0
E09000012,Hackney,17000.0,37300.0,17000.0,107000.0,48400.0,32700.0,10000.0,17800.0,16100.0,123000.0,52500.0,34300.0,123000.0,11300.0,3890.0,1389900000.0,634100000.0,5178800000.0,178000000.0,6457500000.0
E09000013,Hammersmith and Fulham,12000.0,91000.0,18100.0,84000.0,73200.0,35300.0,11000.0,24200.0,16500.0,98000.0,83600.0,37000.0,98000.0,24200.0,4390.0,2371600000.0,1092000000.0,6148800000.0,266200000.0,8192800000.0
E09000014,Haringey,25000.0,44900.0,16500.0,104000.0,51500.0,29600.0,15000.0,22000.0,15800.0,128000.0,57100.0,31300.0,128000.0,13600.0,3290.0,1740800000.0,1122500000.0,5356000000.0,330000000.0,7308800000.0
E09000015,Harrow,23000.0,28600.0,19400.0,93000.0,43300.0,30400.0,23000.0,20800.0,16800.0,125000.0,46500.0,32300.0,125000.0,8870.0,3450.0,1108750000.0,657800000.0,4026900000.0,478400000.0,5812500000.0
E09000016,Havering,19000.0,25000.0,18900.0,99000.0,39900.0,30100.0,33000.0,18700.0,16900.0,135000.0,40000.0,29800.0,135000.0,6750.0,3150.0,911250000.0,475000000.0,3950100000.0,617100000.0,5400000000.0
E09000017,Hillingdon,17000.0,26900.0,17900.0,115000.0,39700.0,30000.0,26000.0,19600.0,17300.0,144000.0,41600.0,30600.0,144000.0,7170.0,3230.0,1032480000.0,457300000.0,4565500000.0,509600000.0,5990400000.0
E09000018,Hounslow,17000.0,32900.0,17600.0,115000.0,42700.0,28300.0,20000.0,19500.0,15800.0,140000.0,45400.0,29300.0,140000.0,9070.0,3020.0,1269800000.0,559300000.0,4910500000.0,390000000.0,6356000000.0
E09000019,Islington,15000.0,75700.0,15900.0,95000.0,67300.0,36600.0,10000.0,24300.0,18000.0,110000.0,76600.0,38200.0,110000.0,20700.0,4670.0,2277000000.0,1135500000.0,6393500000.0,243000000.0,8426000000.0
E09000020,Kensington and Chelsea,11000.0,319000.0,16900.0,55000.0,149000.0,37500.0,11000.0,33600.0,16000.0,68000.0,208000.0,43900.0,68000.0,71600.0,5520.0,4868800000.0,3509000000.0,8195000000.0,369600000.0,14144000000.0
E09000021,Kingston upon Thames,10000.0,34600.0,16400.0,65000.0,53600.0,34200.0,16000.0,23200.0,18100.0,82000.0,56500.0,35900.0,82000.0,12600.0,3960.0,1033200000.0,346000000.0,3484000000.0,371200000.0,4633000000.0
E09000022,Lambeth,22000.0,38700.0,15100.0,149000.0,52500.0,34000.0,14000.0,18600.0,14500.0,169000.0,56100.0,34500.0,169000.0,12800.0,4020.0,2163200000.0,851400000.0,7822500000.0,260400000.0,9480900000.0
E09000023,Lewisham,19000.0,28200.0,17300.0,126000.0,43300.0,31900.0,18000.0,18800.0,16600.0,149000.0,44800.0,32000.0,149000.0,8460.0,3460.0,1260540000.0,535800000.0,5455800000.0,338400000.0,6675200000.0
E09000024,Merton,16000.0,58700.0,18500.0,91000.0,57900.0,33100.0,18000.0,23700.0,18200.0,114000.0,63000.0,33900.0,114000.0,15500.0,3800.0,1767000000.0,939200000.0,5268900000.0,426600000.0,7182000000.0
E09000025,Newham,28000.0,21300.0,19600.0,121000.0,35900.0,28200.0,9000.0,13600.0,13100.0,146000.0,36100.0,28300.0,146000.0,5540.0,2930.0,808840000.0,596400000.0,4343900000.0,122400000.0,5270600000.0
E09000026,Redbridge,24000.0,25800.0,19100.0,105000.0,40900.0,30000.0,23000.0,19700.0,17100.0,138000.0,42700.0,31200.0,138000.0,7640.0,3290.0,1054320000.0,619200000.0,4294500000.0,453100000.0,5892600000.0
E09000027,Richmond upon Thames,13000.0,94700.0,17700.0,80000.0,82200.0,40700.0,23000.0,28200.0,20600.0,104000.0,90400.0,44000.0,104000.0,25800.0,5430.0,2683200000.0,1231100000.0,6576000000.0,648600000.0,9401600000.0
E09000028,Southwark,19000.0,50400.0,15800.0,140000.0,52100.0,32700.0,15000.0,20600.0,15200.0,156000.0,57800.0,34400.0,156000.0,13500.0,4010.0,2106000000.0,957600000.0,7294000000.0,309000000.0,9016800000.0
E09000029,Sutton,12000.0,26300.0,19700.0,80000.0,44800.0,33200.0,20000.0,20300.0,17400.0,102000.0,45200.0,33300.0,102000.0,8350.0,3710.0,851700000.0,315600000.0,3584000000.0,406000000.0,4610400000.0
E09000030,Tower Hamlets,15000.0,33200.0,16500.0,134000.0,53000.0,34900.0,7000.0,20400.0,13300.0,147000.0,55500.0,35500.0,147000.0,12600.0,4220.0,1852200000.0,498000000.0,7102000000.0,142800000.0,8158500000.0
E09000031,Waltham Forest,26000.0,22800.0,17900.0,112000.0,39300.0,30600.0,17000.0,18300.0,16700.0,140000.0,40100.0,30900.0,140000.0,6630.0,3290.0,928200000.0,592800000.0,4401600000.0,311100000.0,5614000000.0
E09000032,Wandsworth,22000.0,82600.0,16400.0,158000.0,70100.0,38600.0,19000.0,24000.0,17900.0,182000.0,79700.0,40200.0,182000.0,21900.0,4960.0,3985800000.0,1817200000.0,11075800000.0,456000000.0,14505400000.0
E09000033,Westminster,12000.0,200000.0,18100.0,85000.0,107000.0,38600.0,14000.0,31700.0,16400.0,102000.0,133000.0,41200.0,102000.0,44300.0,5260.0,4518600000.0,2400000000.0,9095000000.0,443800000.0,13566000000.0
N09000001,Antrim and Newtownabbey,7000.0,20900.0,16000.0,51000.0,30300.0,25800.0,16000.0,19200.0,18000.0,65000.0,32100.0,26200.0,65000.0,4080.0,2490.0,265200000.0,146300000.0,1545300000.0,307200000.0,2086500000.0
N09000002,"Armagh City, Banbridge and Craigavon",13000.0,20600.0,14400.0,79000.0,28100.0,24500.0,20000.0,16600.0,14900.0,98000.0,30800.0,25200.0,98000.0,3770.0,2250.0,369460000.0,267800000.0,2219900000.0,332000000.0,3018400000.0
N09000003,Belfast,11000.0,29800.0,15100.0,118000.0,31000.0,25900.0,29000.0,18300.0,15900.0,143000.0,33400.0,26100.0,143000.0,4650.0,2500.0,664950000.0,327800000.0,3658000000.0,530700000.0,4776200000.0
N09000004,Causeway Coast and Glens,10000.0,23400.0,16400.0,40000.0,27600.0,24000.0,14000.0,20200.0,18200.0,56000.0,31700.0,26200.0,56000.0,3990.0,2450.0,223440000.0,234000000.0,1104000000.0,282800000.0,1775200000.0
N09000005,Derry City and Strabane,7000.0,21400.0,15200.0,48000.0,28700.0,23300.0,11000.0,18600.0,16400.0,60000.0,30900.0,24300.0,60000.0,3740.0,2100.0,224400000.0,149800000.0,1377600000.0,204600000.0,1854000000.0
N09000006,Fermanagh and Omagh,9000.0,13600.0,5430.0,34000.0,27700.0,23900.0,10000.0,18900.0,16600.0,44000.0,30800.0,25600.0,44000.0,3680.0,2200.0,161920000.0,122400000.0,941800000.0,189000000.0,1355200000.0
N09000007,Lisburn and Castlereagh,8000.0,26000.0,13800.0,57000.0,32800.0,26600.0,17000.0,19700.0,18000.0,72000.0,35700.0,26900.0,72000.0,5350.0,2610.0,385200000.0,208000000.0,1869600000.0,334900000.0,2570400000.0
N09000008,Mid and East Antrim,7000.0,22400.0,15300.0,48000.0,29200.0,24300.0,17000.0,18600.0,16700.0,63000.0,31400.0,25300.0,63000.0,4010.0,2330.0,252630000.0,156800000.0,1401600000.0,316200000.0,1978200000.0
N09000009,Mid Ulster,10000.0,18800.0,12900.0,54000.0,28700.0,24400.0,10000.0,16100.0,15000.0,64000.0,31900.0,25600.0,64000.0,3980.0,2270.0,254720000.0,188000000.0,1549800000.0,161000000.0,2041600000.0
N09000010,"Newry, Mourne and Down",12000.0,20900.0,15800.0,55000.0,28500.0,23700.0,14000.0,18200.0,16200.0,70000.0,31900.0,25900.0,70000.0,3970.0,2210.0,277900000.0,250800000.0,1567500000.0,254800000.0,2233000000.0
S12000005,Clackmannanshire,2000.0,24600.0,17800.0,19000.0,32500.0,25500.0,7000.0,19000.0,16700.0,25000.0,32900.0,25700.0,25000.0,4830.0,2470.0,120750000.0,49200000.0,617500000.0,133000000.0,822500000.0
S12000006,Dumfries and Galloway,9000.0,21700.0,16000.0,50000.0,27400.0,23900.0,26000.0,18500.0,16600.0,73000.0,29900.0,24500.0,73000.0,3680.0,2130.0,268640000.0,195300000.0,1370000000.0,481000000.0,2182700000.0
S12000008,East Ayrshire,5000.0,20600.0,15600.0,46000.0,30500.0,25800.0,16000.0,18500.0,16600.0,61000.0,31000.0,25400.0,61000.0,4070.0,2280.0,248270000.0,103000000.0,1403000000.0,296000000.0,1891000000.0
S12000010,East Lothian,6000.0,47600.0,16900.0,40000.0,37300.0,26500.0,17000.0,21600.0,18500.0,56000.0,41300.0,27200.0,56000.0,7830.0,2620.0,438480000.0,285600000.0,1492000000.0,367200000.0,2312800000.0
S12000011,East Renfrewshire,5000.0,34400.0,17300.0,38000.0,38400.0,29800.0,15000.0,22100.0,19100.0,51000.0,41900.0,30600.0,51000.0,7530.0,3210.0,384030000.0,172000000.0,1459200000.0,331500000.0,2136900000.0
S12000013,Na h-Eileanan Siar,1000.0,17200.0,12600.0,10000.0,26800.0,24600.0,4000.0,18300.0,15200.0,13000.0,30800.0,25800.0,13000.0,4000.0,2570.0,52000000.0,17200000.0,268000000.0,73200000.0,400400000.0
S12000014,Falkirk,5000.0,23400.0,17300.0,65000.0,32400.0,26500.0,22000.0,19200.0,17600.0,85000.0,32500.0,26200.0,85000.0,4600.0,2510.0,391000000.0,117000000.0,2106000000.0,422400000.0,2762500000.0
S12000017,Highland,15000.0,21500.0,14900.0,90000.0,29800.0,25800.0,36000.0,19400.0,16500.0,121000.0,32600.0,26800.0,121000.0,4400.0,2500.0,532400000.0,322500000.0,2682000000.0,698400000.0,3944600000.0
S12000018,Inverclyde,2000.0,25300.0,13400.0,28000.0,30200.0,24100.0,13000.0,20500.0,16800.0,38000.0,31500.0,24700.0,38000.0,4400.0,2220.0,167200000.0,50600000.0,845600000.0,266500000.0,1197000000.0
S12000019,Midlothian,4000.0,25600.0,18100.0,42000.0,32500.0,27200.0,14000.0,18800.0,16700.0,53000.0,33900.0,27900.0,53000.0,4970.0,2760.0,263410000.0,102400000.0,1365000000.0,263200000.0,1796700000.0
S12000020,Moray,4000.0,20900.0,14700.0,34000.0,31000.0,24200.0,16000.0,19000.0,16700.0,46000.0,33000.0,25200.0,46000.0,4600.0,2210.0,211600000.0,83600000.0,1054000000.0,304000000.0,1518000000.0
S12000021,North Ayrshire,5000.0,18000.0,14400.0,45000.0,30400.0,26700.0,19000.0,19200.0,16400.0,61000.0,30900.0,26100.0,61000.0,4000.0,2470.0,244000000.0,90000000.0,1368000000.0,364800000.0,1884900000.0
S12000023,Orkney Islands,2000.0,16400.0,11400.0,8000.0,30700.0,27000.0,3000.0,20900.0,16800.0,11000.0,33300.0,27000.0,11000.0,4540.0,2620.0,49940000.0,32800000.0,245600000.0,62700000.0,366300000.0
S12000026,Scottish Borders,8000.0,24100.0,15500.0,41000.0,30400.0,25100.0,19000.0,20200.0,16500.0,58000.0,34000.0,26200.0,58000.0,5060.0,2410.0,293480000.0,192800000.0,1246400000.0,383800000.0,1972000000.0
S12000027,Shetland Islands,1000.0,25900.0,18400.0,9000.0,31600.0,28300.0,4000.0,17200.0,15600.0,11000.0,38000.0,31100.0,11000.0,6000.0,3530.0,66000000.0,25900000.0,284400000.0,68800000.0,418000000.0
S12000028,South Ayrshire,4000.0,28200.0,16200.0,36000.0,33000.0,25800.0,22000.0,22900.0,17900.0,54000.0,35200.0,26300.0,54000.0,5460.0,2420.0,294840000.0,112800000.0,1188000000.0,503800000.0,1900800000.0
S12000029,South Lanarkshire,12000.0,23900.0,15400.0,124000.0,33400.0,27400.0,46000.0,18400.0,17200.0,162000.0,34400.0,27200.0,162000.0,5170.0,2630.0,837540000.0,286800000.0,4141600000.0,846400000.0,5572800000.0
S12000030,Stirling,5000.0,28900.0,14100.0,35000.0,37400.0,27500.0,15000.0,22100.0,18800.0,48000.0,39900.0,28600.0,48000.0,7060.0,2840.0,338880000.0,144500000.0,1309000000.0,331500000.0,1915200000.0
S12000033,Aberdeen City,6000.0,27300.0,18200.0,87000.0,37900.0,28200.0,25000.0,21500.0,17800.0,108000.0,39200.0,29100.0,108000.0,6850.0,2980.0,739800000.0,163800000.0,3297300000.0,537500000.0,4233600000.0
S12000034,Aberdeenshire,12000.0,28000.0,17700.0,102000.0,37800.0,28800.0,43000.0,20400.0,17300.0,137000.0,39700.0,29800.0,137000.0,6900.0,2960.0,945300000.0,336000000.0,3855600000.0,877200000.0,5438900000.0
S12000035,Argyll and Bute,6000.0,22700.0,13300.0,29000.0,32200.0,27400.0,14000.0,22600.0,17700.0,43000.0,34900.0,28000.0,43000.0,5250.0,2730.0,225750000.0,136200000.0,933800000.0,316400000.0,1500700000.0
S12000036,"Edinburgh, City of",24000.0,63000.0,14900.0,210000.0,39300.0,28000.0,62000.0,22700.0,18900.0,267000.0,44900.0,28900.0,267000.0,8950.0,2950.0,2389650000.0,1512000000.0,8253000000.0,1407400000.0,11988300000.0
S12000038,Renfrewshire,6000.0,22700.0,14900.0,73000.0,31500.0,25900.0,28000.0,17800.0,16100.0,95000.0,32000.0,25400.0,95000.0,4340.0,2280.0,412300000.0,136200000.0,2299500000.0,498400000.0,3040000000.0
S12000039,West Dunbartonshire,3000.0,21400.0,14000.0,36000.0,29300.0,25700.0,13000.0,15800.0,14600.0,46000.0,29600.0,25200.0,46000.0,3700.0,2300.0,170200000.0,64200000.0,1054800000.0,205400000.0,1361600000.0
S12000040,West Lothian,6000.0,21200.0,14900.0,78000.0,32700.0,26900.0,23000.0,17500.0,15800.0,96000.0,33500.0,26800.0,96000.0,4840.0,2580.0,464640000.0,127200000.0,2550600000.0,402500000.0,3216000000.0
S12000041,Angus,6000.0,25400.0,16900.0,43000.0,30900.0,25800.0,19000.0,20000.0,16900.0,60000.0,32500.0,25800.0,60000.0,4490.0,2340.0,269400000.0,152400000.0,1328700000.0,380000000.0,1950000000.0
S12000042,Dundee City,4000.0,22400.0,14400.0,48000.0,28500.0,24100.0,15000.0,18300.0,16300.0,60000.0,30200.0,24400.0,60000.0,3780.0,2120.0,226800000.0,89600000.0,1368000000.0,274500000.0,1812000000.0
S12000045,East Dunbartonshire,5000.0,35300.0,17400.0,44000.0,37800.0,30400.0,21000.0,22500.0,19400.0,63000.0,39000.0,29900.0,63000.0,6550.0,3070.0,412650000.0,176500000.0,1663200000.0,472500000.0,2457000000.0
S12000047,Fife,15000.0,24600.0,16300.0,128000.0,31200.0,26100.0,56000.0,19400.0,17000.0,177000.0,32400.0,25800.0,177000.0,4590.0,2440.0,812430000.0,369000000.0,3993600000.0,1086400000.0,5734800000.0
S12000048,Perth and Kinross,8000.0,30400.0,18200.0,62000.0,32000.0,25300.0,27000.0,20100.0,17100.0,85000.0,34900.0,26400.0,85000.0,5470.0,2470.0,464950000.0,243200000.0,1984000000.0,542700000.0,2966500000.0
S12000049,Glasgow City,21000.0,25200.0,16800.0,225000.0,31100.0,25900.0,50000.0,17300.0,15400.0,270000.0,32400.0,26000.0,270000.0,4520.0,2420.0,1220400000.0,529200000.0,6997500000.0,865000000.0,8748000000.0
S12000050,North Lanarkshire,9000.0,22500.0,17600.0,132000.0,31000.0,26300.0,36000.0,15700.0,14800.0,159000.0,31500.0,26200.0,159000.0,4150.0,2450.0,659850000.0,202500000.0,4092000000.0,565200000.0,5008500000.0
W06000001,Isle of Anglesey,4000.0,19300.0,15000.0,24000.0,27200.0,22700.0,13000.0,20000.0,17900.0,35000.0,29000.0,23800.0,35000.0,3410.0,2010.0,119350000.0,77200000.0,652800000.0,260000000.0,1015000000.0
W06000002,Gwynedd,9000.0,19400.0,13300.0,36000.0,27200.0,23900.0,17000.0,19100.0,16700.0,51000.0,30500.0,24800.0,51000.0,3740.0,2220.0,190740000.0,174600000.0,979200000.0,324700000.0,1555500000.0
W06000003,Conwy,6000.0,21600.0,15700.0,38000.0,28400.0,23500.0,19000.0,18200.0,16200.0,54000.0,31600.0,25000.0,54000.0,4140.0,2220.0,223560000.0,129600000.0,1079200000.0,345800000.0,1706400000.0
W06000004,Denbighshire,5000.0,22700.0,14700.0,31000.0,28600.0,24500.0,15000.0,18700.0,17300.0,44000.0,31100.0,25700.0,44000.0,4000.0,2350.0,176000000.0,113500000.0,886600000.0,280500000.0,1368400000.0
W06000005,Flintshire,6000.0,21200.0,17000.0,60000.0,30900.0,26200.0,24000.0,19900.0,18100.0,81000.0,32000.0,26000.0,81000.0,4140.0,2480.0,335340000.0,127200000.0,1854000000.0,477600000.0,2592000000.0
W06000006,Wrexham,4000.0,23700.0,16800.0,52000.0,28900.0,24600.0,20000.0,18900.0,16600.0,68000.0,30400.0,24900.0,68000.0,3800.0,2180.0,258400000.0,94800000.0,1502800000.0,378000000.0,2067200000.0
W06000008,Ceredigion,5000.0,17900.0,13100.0,22000.0,26400.0,22700.0,13000.0,19100.0,16700.0,33000.0,28900.0,23500.0,33000.0,3310.0,1950.0,109230000.0,89500000.0,580800000.0,248300000.0,953700000.0
W06000009,Pembrokeshire,9000.0,16400.0,13100.0,39000.0,28000.0,23600.0,22000.0,19100.0,16500.0,58000.0,30500.0,24600.0,58000.0,3750.0,2180.0,217500000.0,147600000.0,1092000000.0,420200000.0,1769000000.0
W06000010,Carmarthenshire,12000.0,15900.0,11400.0,67000.0,28200.0,24400.0,29000.0,19000.0,16500.0,91000.0,30700.0,25300.0,91000.0,3750.0,2270.0,341250000.0,190800000.0,1889400000.0,551000000.0,2793700000.0
W06000011,Swansea,8000.0,21400.0,14900.0,86000.0,30100.0,24900.0,33000.0,19200.0,17700.0,113000.0,31900.0,25400.0,113000.0,4090.0,2330.0,462170000.0,171200000.0,2588600000.0,633600000.0,3604700000.0
W06000012,Neath Port Talbot,5000.0,17500.0,15200.0,52000.0,28300.0,24200.0,22000.0,17900.0,17200.0,69000.0,29100.0,24000.0,69000.0,3360.0,2050.0,231840000.0,87500000.0,1471600000.0,393800000.0,2007900000.0
W06000013,Bridgend,5000.0,20400.0,16100.0,50000.0,30900.0,27000.0,21000.0,18900.0,17000.0,68000.0,31500.0,26600.0,68000.0,3900.0,2450.0,265200000.0,102000000.0,1545000000.0,396900000.0,2142000000.0
W06000014,The Vale of Glamorgan,6000.0,25600.0,14600.0,46000.0,33600.0,25200.0,23000.0,21200.0,18000.0,65000.0,36700.0,26800.0,65000.0,5660.0,2530.0,367900000.0,153600000.0,1545600000.0,487600000.0,2385500000.0
W06000015,Cardiff,14000.0,24600.0,14900.0,129000.0,33100.0,26400.0,38000.0,20300.0,17900.0,162000.0,36200.0,27700.0,162000.0,5210.0,2670.0,844020000.0,344400000.0,4269900000.0,771400000.0,5864400000.0
W06000016,"Rhondda, Cynon, Taff",9000.0,19300.0,17200.0,89000.0,28700.0,24100.0,30000.0,17600.0,16500.0,116000.0,29100.0,24100.0,116000.0,3340.0,2100.0,387440000.0,173700000.0,2554300000.0,528000000.0,3375600000.0
W06000018,Caerphilly,6000.0,20700.0,17300.0,60000.0,28900.0,24800.0,22000.0,16700.0,15700.0,79000.0,29800.0,24600.0,79000.0,3510.0,2170.0,277290000.0,124200000.0,1734000000.0,367400000.0,2354200000.0
W06000019,Blaenau Gwent,2000.0,18000.0,16400.0,24000.0,26800.0,24000.0,8000.0,14800.0,14900.0,31000.0,26700.0,22900.0,31000.0,2760.0,1960.0,85560000.0,36000000.0,643200000.0,118400000.0,827700000.0
W06000020,Torfaen,3000.0,17600.0,14900.0,34000.0,27600.0,24200.0,12000.0,17400.0,17300.0,43000.0,28800.0,24400.0,43000.0,3240.0,2180.0,139320000.0,52800000.0,938400000.0,208800000.0,1238400000.0
W06000021,Monmouthshire,6000.0,23700.0,14100.0,35000.0,35700.0,27400.0,17000.0,21700.0,18300.0,51000.0,38300.0,28300.0,51000.0,6140.0,2810.0,313140000.0,142200000.0,1249500000.0,368900000.0,1953300000.0
W06000022,Newport,5000.0,17100.0,13800.0,57000.0,30100.0,25200.0,18000.0,19300.0,17400.0,72000.0,31300.0,25700.0,72000.0,3930.0,2420.0,282960000.0,85500000.0,1715700000.0,347400000.0,2253600000.0
W06000023,Powys,13000.0,17500.0,14100.0,42000.0,28000.0,23600.0,24000.0,18300.0,16800.0,65000.0,30700.0,24400.0,65000.0,3820.0,2110.0,248300000.0,227500000.0,1176000000.0,439200000.0,1995500000.0
W06000024,Merthyr Tydfil,2000.0,21200.0,19600.0,19000.0,27900.0,24300.0,7000.0,16300.0,15100.0,25000.0,28400.0,24300.0,25000.0,3180.0,2100.0,79500000.0,42400000.0,530100000.0,114100000.0,710000000.0
