code,name,self_employment_income_count,self_employment_income_mean,self_employment_income_median,employment_income_count,employment_income_mean,employment_income_median,pension_income_count,pension_income_mean,pension_income_median,total_income_count,total_income_mean,total_income_median,total_tax_count,total_tax_mean,total_tax_median,total_tax_amount
E12000001,North East,93,"22,300","15,000",929,"30,200","24,700",366,"18,400","16,300","1,230","31,500","24,900","1,230","4,110","2,230","5,060"
E06000047,County Durham UA,19,"20,400","15,100",182,"29,500","24,400",79,"18,200","16,400",249,"30,300","24,300",249,"3,730","2,130",928
E06000005,Darlington UA,4,"17,500","13,200",41,"30,200","24,100",15,"19,000","17,000",52,"31,800","25,300",52,"4,170","2,290",218
E06000001,Hartlepool UA,3,"22,600","16,300",31,"29,600","24,300",11,"18,300","16,000",41,"30,700","24,700",41,"3,790","2,150",155
E06000002,Middlesbrough UA,4,"18,300","14,300",48,"28,700","22,900",15,"18,400","15,100",60,"30,200","23,800",60,"3,730","2,000",222
E06000057,Northumberland UA,17,"24,500","15,300",114,"30,700","24,600",63,"19,500","16,400",168,"33,400","25,300",168,"4,820","2,300",807
E06000003,Redcar and Cleveland UA,4,"19,500","15,200",46,"29,300","25,000",22,"17,300","16,500",65,"29,000","23,800",65,"3,370","2,020",217
E06000004,Stockton-on-Tees UA,6,"24,800","15,700",71,"31,800","25,100",25,"19,200","16,800",91,"33,400","26,000",91,"4,600","2,410",418
E11000007,Tyne & Wear Metropolitan County,35,"23,200","14,800",396,"30,500","25,000",136,"18,000","16,200",508,"31,700","25,200",508,"4,120","2,290","2,090"
E08000037,Gateshead,5,"21,900","15,900",75,"30,000","25,600",25,"17,400","15,900",95,"30,600","25,300",95,"3,770","2,300",357
E08000021,Newcastle upon Tyne,10,"28,200","14,800",93,"32,900","24,900",27,"20,000","17,400",118,"35,400","25,700",118,"5,320","2,380",626
E08000022,North Tyneside,8,"22,700","14,700",80,"31,500","25,900",29,"20,000","17,900",104,"32,600","25,900",104,"4,320","2,470",451
E08000023,South Tyneside,5,"19,900","15,300",51,"29,900","25,300",18,"16,700","15,200",66,"30,700","25,500",66,"3,740","2,380",246
E08000024,Sunderland,8,"20,200","14,300",97,"27,800","24,300",38,"15,900","15,200",125,"28,700","23,900",125,"3,310","2,100",414
E12000002,North West,303,"22,900","15,700","2,690","32,000","25,000",925,"18,900","16,500","3,490","34,000","25,700","3,490","4,930","2,360","17,200"
E06000008,Blackburn with Darwen UA,4,"21,000","14,200",52,"27,900","23,400",13,"16,900","15,400",63,"30,000","23,900",63,"3,690","2,080",232
E06000009,Blackpool UA,5,"16,300","14,100",46,"24,900","21,600",16,"16,600","15,900",60,"25,900","21,900",60,"2,600","1,640",156
E06000049,Cheshire East UA,23,"26,700","15,900",159,"43,100","26,900",70,"22,500","17,700",221,"45,800","28,900",221,"9,340","2,860","2,060"
E06000050,Cheshire West and Chester UA,15,"25,000","14,800",133,"35,300","26,800",53,"21,500","18,400",179,"37,900","27,600",179,"6,140","2,700","1,100"
E06000006,Halton UA,4,"19,700","15,200",48,"30,400","25,100",16,"17,200","15,300",61,"31,500","25,300",61,"4,120","2,310",250
E06000007,Warrington UA,9,"24,500","15,800",90,"34,700","26,500",30,"20,000","18,100",116,"36,600","26,900",116,"5,710","2,590",661
E10000006,Cumbria County,28,"20,000","14,500",191,"30,200","24,900",87,"18,900","16,500",265,"32,300","25,800",265,"4,190","2,370","1,110"
E07000026,Allerdale,5,"21,100","13,900",33,"30,800","25,700",15,"18,500","17,300",47,"32,000","25,700",47,"4,070","2,370",190
E07000027,Barrow-in-Furness,2,"15,200","13,200",27,"31,000","25,500",10,"17,100","16,700",35,"31,300","25,100",35,"3,900","2,240",138
E07000028,Carlisle,6,"18,500","14,100",44,"27,700","24,200",21,"17,500","15,000",61,"29,300","24,900",61,"3,380","2,140",205
E07000029,Copeland,2,"19,400","14,400",26,"35,000","31,200",10,"20,000","17,500",33,"35,100","29,900",33,"4,690","3,050",156
E07000030,Eden,6,"19,700","13,800",19,"29,000","23,500",10,"20,400","17,700",28,"33,800","27,200",28,"4,570","2,530",128
E07000031,South Lakeland,9,"21,600","15,500",42,"29,100","23,600",22,"20,000","16,600",61,"33,900","25,300",61,"4,790","2,300",294
E11000001,Greater Manchester Metropolitan County,111,"23,600","16,100","1,030","31,800","25,000",290,"17,900","16,100","1,290","33,600","25,500","1,290","4,810","2,350","6,190"
E08000001,Bolton,11,"24,100","16,100",98,"28,800","23,400",31,"18,200","16,600",127,"30,800","23,700",127,"3,940","2,030",499
E08000002,Bury,8,"25,200","17,200",70,"32,200","26,500",27,"18,100","16,100",92,"34,400","27,200",92,"4,940","2,560",455
E08000003,Manchester,19,"21,300","14,900",178,"30,400","24,000",27,"17,200","15,300",205,"32,400","24,900",205,"4,490","2,280",920
E08000004,Oldham,8,"21,500","16,800",75,"28,700","22,900",24,"17,400","15,700",96,"30,100","23,300",96,"3,700","1,950",355
E08000005,Rochdale,8,"19,600","15,000",71,"29,000","24,100",22,"17,100","15,800",91,"30,100","24,100",91,"3,730","2,140",340
E08000006,Salford,11,"22,700","16,900",106,"31,900","25,100",23,"17,000","15,600",126,"34,200","25,700",126,"5,050","2,440",637
E08000007,Stockport,15,"26,500","15,600",116,"35,300","27,100",43,"20,000","17,100",155,"37,400","27,900",155,"5,850","2,670",910
E08000008,Tameside,8,"21,400","16,700",85,"28,800","24,200",25,"15,900","15,300",106,"29,600","24,300",106,"3,520","2,130",373
E08000009,Trafford,11,"33,300","16,900",97,"42,200","29,100",30,"20,100","16,200",123,"45,800","30,400",123,"8,880","3,160","1,090"
E08000010,Wigan,13,"20,200","16,900",132,"30,100","25,600",40,"16,600","16,200",168,"30,500","25,200",168,"3,680","2,290",617
E10000017,Lancashire County,55,"22,000","15,500",440,"30,500","24,200",183,"19,100","16,800",600,"32,900","25,200",600,"4,510","2,260","2,710"
E07000117,Burnley,3,"19,000","14,300",30,"27,100","23,700",10,"16,200","15,300",39,"28,200","23,700",39,"3,150","1,970",122
E07000118,Chorley,5,"19,700","14,100",47,"32,600","25,000",19,"19,500","16,300",63,"34,900","26,600",63,"5,010","2,430",314
E07000119,Fylde,3,"26,200","15,100",31,"34,500","25,100",17,"21,400","17,500",45,"37,300","27,400",45,"5,860","2,630",265
E07000120,Hyndburn,3,"20,600","17,200",26,"27,500","24,700",8,"16,000","15,500",33,"28,600","24,700",33,"3,150","2,150",104
E07000121,Lancaster,7,"22,100","15,200",45,"29,900","23,400",22,"18,600","15,200",65,"32,000","24,700",65,"4,210","2,090",273
E07000122,Pendle,4,"17,000","13,300",30,"25,800","21,800",10,"19,300","17,900",40,"28,000","22,000",40,"3,220","1,700",128
E07000123,Preston,6,"20,800","15,900",58,"29,200","23,200",15,"18,500","16,100",71,"31,200","24,700",71,"4,050","2,180",289
E07000124,Ribble Valley,4,"24,700","16,200",25,"33,400","25,800",16,"20,100","17,400",39,"37,300","26,500",39,"6,050","2,490",234
E07000125,Rossendale,4,"23,100","17,100",25,"31,500","25,200",7,"17,100","15,100",31,"34,500","26,100",31,"4,900","2,410",154
E07000126,South Ribble,5,"21,800","18,300",45,"31,700","26,700",19,"19,800","18,000",62,"33,100","26,900",62,"4,410","2,520",271
E07000127,West Lancashire,5,"24,400","15,700",40,"32,400","25,600",19,"20,700","18,000",57,"36,200","27,100",57,"5,440","2,550",309
E07000128,Wyre,6,"23,800","14,800",38,"29,800","23,500",21,"17,800","16,000",56,"32,600","24,400",56,"4,370","2,100",247
E11000002,Merseyside Metropolitan County,49,"22,600","16,400",503,"30,500","25,000",166,"18,300","16,100",642,"32,000","25,200",642,"4,310","2,310","2,760"
E08000011,Knowsley,6,"19,400","17,300",59,"27,700","23,900",14,"16,000","15,100",71,"28,900","24,300",71,"3,410","2,070",242
E08000012,Liverpool,15,"21,300","15,200",164,"29,800","24,600",39,"17,200","15,200",196,"31,400","24,900",196,"4,130","2,250",810
E08000014,Sefton,12,"22,900","16,400",100,"32,300","25,200",44,"19,900","17,500",137,"33,900","25,800",137,"4,950","2,370",676
E08000013,St. Helens,6,"22,600","17,700",68,"30,100","25,400",22,"17,300","16,000",87,"30,800","25,100",87,"3,830","2,340",332
E08000015,Wirral,11,"25,700","17,300",112,"31,900","26,000",47,"19,000","16,700",151,"33,300","26,000",151,"4,650","2,420",703
E12000003,Yorkshire and the Humber,235,"22,900","15,400","1,940","30,900","24,700",696,"18,700","16,500","2,550","33,000","25,300","2,550","4,590","2,300","11,700"
E06000011,East Riding of Yorkshire UA,17,"22,900","15,600",128,"31,600","24,900",66,"19,000","16,700",180,"34,300","25,900",180,"4,990","2,380",898
E06000010,Kingston upon Hull UA,8,"16,200","13,700",95,"25,900","22,800",23,"15,500","14,700",113,"26,900","22,900",113,"2,780","1,880",314
E06000012,North East Lincolnshire UA,4,"22,600","14,100",57,"29,100","23,600",17,"17,500","15,600",70,"31,100","24,700",70,"3,990","2,130",279
E06000013,North Lincolnshire UA,6,"18,800","14,400",66,"29,700","24,900",21,"18,000","16,400",83,"30,800","25,200",83,"3,890","2,280",324
E06000014,York UA,10,"24,500","16,600",73,"34,500","26,800",32,"20,300","17,600",102,"36,200","27,200",102,"5,560","2,560",567
E10000023,North Yorkshire County,42,"26,700","15,900",223,"33,200","24,400",112,"21,000","17,500",324,"38,000","26,800",324,"6,270","2,500","2,030"
E07000163,Craven,5,"25,100","16,600",19,"33,300","23,700",9,"20,900","17,300",28,"37,300","25,700",28,"6,050","2,340",170
E07000164,Hambleton,8,"26,100","15,000",32,"33,800","23,500",18,"22,900","18,600",49,"39,800","27,800",49,"6,880","2,710",335
E07000165,Harrogate,11,"32,100","14,600",63,"38,000","25,400",30,"23,600","18,200",90,"44,900","28,900",90,"8,640","2,840",774
E07000166,Richmondshire,3,"21,900","13,800",21,"28,700","21,800",12,"17,800","15,800",30,"32,400","23,700",30,"4,550","2,040",138
E07000167,Ryedale,5,"25,000","18,400",18,"31,400","25,600",10,"19,800","15,300",28,"36,400","27,500",28,"5,720","2,660",158
E07000168,Scarborough,6,"21,600","16,200",32,"26,600","22,200",20,"18,800","17,500",50,"29,800","23,500",50,"3,640","1,910",180
E07000169,Selby,5,"27,700","16,700",37,"33,900","26,500",14,"19,900","16,800",50,"36,500","28,000",50,"5,510","2,640",275
E11000003,South Yorkshire Metropolitan County,56,"21,300","15,200",478,"29,800","24,400",160,"17,800","16,200",620,"31,300","24,700",620,"4,040","2,200","2,510"
E08000016,Barnsley,11,"20,900","16,200",89,"29,700","24,100",35,"17,700","16,700",121,"30,100","24,000",121,"3,890","2,100",472
E08000017,Doncaster,13,"18,600","14,100",110,"29,200","24,100",39,"17,000","16,300",143,"30,500","24,300",143,"3,800","2,090",543
E08000018,Rotherham,11,"20,400","16,200",94,"29,900","24,900",32,"16,800","15,500",123,"30,700","24,600",123,"3,810","2,200",467
E08000019,Sheffield,22,"23,500","15,500",185,"30,300","24,500",54,"19,000","16,500",233,"32,600","25,400",233,"4,390","2,300","1,030"
E11000006,West Yorkshire Metropolitan County,93,"22,700","15,500",816,"31,200","25,200",264,"18,500","16,400","1,060","32,900","25,500","1,060","4,510","2,330","4,770"
E08000032,Bradford,20,"23,000","15,100",159,"29,100","23,700",46,"18,200","16,100",202,"31,400","24,400",202,"4,130","2,150",835
E08000033,Calderdale,8,"18,500","14,700",72,"30,200","24,900",29,"18,600","16,100",97,"31,900","24,900",97,"4,170","2,180",407
E08000034,Kirklees,19,"20,300","14,900",150,"30,300","24,400",52,"18,700","16,800",198,"32,200","25,100",198,"4,270","2,210",846
E08000035,Leeds,32,"25,700","16,400",296,"33,300","26,700",91,"18,800","16,700",381,"35,100","26,800",381,"5,200","2,540","1,980"
E08000036,Wakefield,14,"20,900","17,300",139,"30,300","25,200",46,"17,700","16,100",179,"31,000","25,200",179,"3,920","2,300",702
E12000004,East Midlands,223,"23,500","16,400","1,810","31,700","25,000",643,"18,900","16,500","2,380","33,800","25,800","2,380","4,850","2,370","11,500"
E06000015,Derby UA,8,"19,200","14,700",91,"30,500","24,900",28,"17,100","15,700",115,"30,800","24,800",115,"3,900","2,170",447
E06000016,Leicester UA,10,"18,200","15,700",115,"26,300","22,100",21,"16,700","15,400",135,"27,700","22,700",135,"3,090","1,830",416
E06000061,North Northamptonshire UA,18,"23,900","17,600",145,"32,500","25,800",39,"19,600","17,100",183,"34,500","26,800",183,"5,100","2,590",933
E06000018,Nottingham UA,10,"20,300","15,000",95,"28,000","23,500",20,"18,100","15,800",114,"29,700","24,000",114,"3,680","2,080",421
E06000017,Rutland UA,2,"36,300","16,600",14,"38,700","25,800",8,"22,000","16,500",20,"48,700","30,200",20,"10,000","2,710",206
E06000062,West Northamptonshire UA,27,"29,100","18,600",177,"34,600","26,700",54,"18,800","16,000",230,"37,200","27,400",230,"5,940","2,690","1,370"
E10000007,Derbyshire County,37,"21,700","15,600",301,"31,500","24,800",126,"18,700","16,500",411,"33,200","25,200",411,"4,650","2,250","1,910"
E07000032,Amber Valley,6,"20,400","14,400",49,"32,100","24,900",18,"18,900","17,000",65,"33,900","25,200",65,"4,950","2,290",320
E07000033,Bolsover,3,"22,500","17,900",28,"28,200","23,400",12,"16,300","16,000",38,"28,900","22,900",38,"3,430","1,940",132
E07000034,Chesterfield,4,"20,100","14,100",37,"30,100","24,900",16,"17,800","15,700",52,"29,900","24,000",52,"3,580","2,080",186
E07000035,Derbyshire Dales,5,"21,900","14,200",26,"33,100","23,300",16,"20,500","16,900",40,"37,800","25,900",40,"6,140","2,210",244
E07000036,Erewash,4,"21,000","16,500",44,"29,800","23,600",16,"17,000","15,700",58,"31,300","24,500",58,"3,940","2,160",228
E07000037,High Peak,5,"22,600","16,300",34,"32,000","25,100",16,"19,900","16,700",47,"34,600","26,300",47,"4,960","2,340",235
E07000038,North East Derbyshire,4,"20,300","16,700",38,"31,700","26,700",16,"19,000","17,600",52,"33,200","26,700",52,"4,570","2,490",237
E07000039,South Derbyshire,5,"24,300","17,500",45,"33,900","26,500",16,"19,400","16,600",59,"36,100","27,000",59,"5,560","2,570",330
E10000018,Leicestershire County,35,"25,400","17,300",282,"33,700","26,700",105,"19,600","17,000",374,"36,500","27,600",374,"5,570","2,640","2,080"
E07000129,Blaby,5,"22,400","19,400",42,"32,400","26,800",15,"17,200","15,400",55,"33,400","26,600",55,"4,510","2,490",249
E07000130,Charnwood,8,"26,000","17,800",68,"31,900","25,900",24,"19,500","17,100",90,"35,300","26,700",90,"5,240","2,490",470
E07000131,Harborough,6,"29,400","17,800",40,"39,500","28,200",16,"21,700","17,400",54,"44,200","31,200",54,"8,100","3,040",439
E07000132,Hinckley and Bosworth,6,"23,500","14,100",47,"32,700","26,800",18,"18,500","16,400",62,"34,700","27,400",62,"5,040","2,620",314
E07000133,Melton,3,"23,000","14,900",21,"31,800","22,800",8,"22,300","18,900",28,"36,400","26,400",28,"5,720","2,430",160
E07000134,North West Leicestershire,4,"23,700","17,500",44,"34,100","27,500",16,"19,900","16,900",57,"35,800","27,700",57,"5,340","2,700",306
E07000135,Oadby and Wigston,2,"30,500","18,000",20,"34,000","27,200",8,"19,600","18,300",27,"36,400","28,100",27,"5,340","2,800",146
E10000019,Lincolnshire County,37,"22,100","16,400",280,"30,200","24,400",118,"18,800","16,400",381,"32,400","25,300",381,"4,390","2,300","1,670"
E07000136,Boston,3,"20,300","15,600",28,"25,700","22,300",7,"17,100","15,200",35,"27,500","22,500",35,"3,110","1,820",110
E07000137,East Lindsey,7,"20,000","14,100",41,"26,900","22,100",25,"18,300","16,400",62,"29,300","23,600",62,"3,470","1,930",216
E07000138,Lincoln,4,"21,600","19,100",36,"28,300","23,700",10,"18,700","15,400",45,"29,900","24,400",45,"3,610","2,170",162
E07000139,North Kesteven,6,"22,200","16,500",44,"32,400","27,000",22,"18,600","16,700",61,"34,200","27,000",61,"4,760","2,570",292
E07000140,South Holland,5,"22,000","17,500",39,"28,600","25,000",13,"17,000","15,500",52,"30,400","25,100",52,"3,810","2,260",197
E07000141,South Kesteven,7,"25,300","17,500",55,"34,500","25,700",25,"19,700","17,000",76,"36,800","27,400",76,"5,790","2,600",442
E07000142,West Lindsey,5,"22,100","14,400",36,"31,700","25,500",16,"20,900","18,300",49,"35,300","26,900",49,"5,140","2,530",253
E10000024,Nottinghamshire County,38,"22,900","16,000",310,"32,400","25,100",125,"18,900","16,800",419,"34,200","25,800",419,"4,980","2,350","2,090"
E07000170,Ashfield,5,"21,000","19,100",45,"28,200","24,100",17,"15,600","15,300",60,"28,600","23,700",60,"3,280","2,050",196
E07000171,Bassetlaw,5,"21,400","14,900",44,"31,200","24,400",19,"17,600","16,300",59,"32,800","25,300",59,"4,550","2,270",270
E07000172,Broxtowe,4,"21,000","15,600",43,"33,600","27,300",19,"18,400","17,300",58,"34,400","26,800",58,"4,870","2,590",281
E07000173,Gedling,6,"23,300","16,400",45,"30,200","25,300",16,"19,900","17,300",60,"32,800","26,400",60,"4,330","2,440",259
E07000174,Mansfield,6,"19,000","15,500",40,"27,800","23,500",15,"17,200","16,400",53,"29,100","23,600",53,"3,410","1,990",181
E07000175,Newark and Sherwood,7,"23,100","15,700",45,"31,300","23,600",21,"19,800","17,700",64,"34,200","24,800",64,"5,090","2,220",327
E07000176,Rushcliffe,6,"30,000","15,400",48,"43,200","29,600",19,"23,400","19,500",65,"46,300","32,000",65,"8,840","3,280",572
E12000005,West Midlands,260,"22,800","16,100","2,100","31,600","25,100",734,"18,600","16,400","2,760","33,600","25,500","2,760","4,800","2,340","13,200"
E06000019,Herefordshire UA,13,"22,700","16,900",64,"29,900","25,100",35,"20,200","17,800",96,"33,700","26,200",96,"4,760","2,400",455
E06000051,Shropshire UA,22,"20,900","15,600",123,"31,400","24,900",50,"19,900","16,300",168,"34,900","26,500",168,"5,060","2,470",849
E06000021,Stoke-on-Trent UA,8,"20,200","16,400",89,"26,100","23,600",26,"14,600","15,000",110,"26,800","23,300",110,"2,890","1,960",318
E06000020,Telford and Wrekin UA,8,"18,000","15,000",71,"29,900","25,100",23,"17,300","16,700",91,"30,700","24,800",91,"3,870","2,220",351
E10000028,Staffordshire County,45,"21,100","15,400",339,"32,500","25,600",135,"19,100","17,100",458,"34,500","26,100",458,"5,080","2,410","2,330"
E07000192,Cannock Chase,5,"21,400","20,100",36,"28,900","25,400",12,"17,400","17,200",47,"30,000","25,400",47,"3,540","2,320",166
E07000193,East Staffordshire,6,"20,900","13,500",48,"32,600","24,900",14,"20,200","17,100",61,"34,300","25,300",61,"5,060","2,310",311
E07000194,Lichfield,7,"23,200","16,400",41,"36,200","27,200",18,"21,900","18,000",58,"39,400","28,800",58,"6,590","2,800",384
E07000195,Newcastle-under-Lyme,6,"18,500","14,200",48,"33,200","25,000",19,"16,600","15,800",64,"34,700","24,500",64,"5,590","2,150",357
E07000196,South Staffordshire,6,"21,800","14,100",44,"34,400","27,200",22,"19,100","17,000",62,"36,900","26,800",62,"5,710","2,510",354
E07000197,Stafford,6,"23,900","17,000",54,"33,300","26,500",22,"20,000","18,200",73,"36,000","27,700",73,"5,370","2,600",394
E07000198,Staffordshire Moorlands,6,"19,500","14,000",37,"29,200","24,500",18,"18,000","16,200",53,"31,500","25,200",53,"3,990","2,200",212
E07000199,Tamworth,3,"18,200","16,700",31,"30,400","25,200",9,"19,200","18,200",39,"30,800","25,000",39,"3,800","2,350",150
E10000031,Warwickshire County,28,"25,100","15,600",242,"37,200","27,500",90,"20,500","17,300",319,"39,800","28,300",319,"6,770","2,790","2,160"
E07000218,North Warwickshire,3,"19,500","16,300",24,"32,300","26,800",9,"17,700","16,400",32,"33,500","26,600",32,"4,780","2,450",153
E07000219,Nuneaton and Bedworth,5,"20,900","19,400",51,"30,300","25,900",17,"17,900","16,400",67,"30,600","25,200",67,"3,740","2,300",249
E07000220,Rugby,4,"26,600","15,600",51,"35,400","27,500",16,"19,600","18,000",64,"37,100","28,100",64,"5,710","2,770",365
E07000221,Stratford-on-Avon,9,"27,800","15,200",53,"43,200","28,500",24,"23,100","17,900",73,"48,200","31,400",73,"9,760","3,210",717
E07000222,Warwick,7,"25,800","14,200",64,"41,200","29,700",24,"21,300","17,600",83,"44,200","31,200",83,"8,130","3,210",677
E11000005,West Midlands Metropolitan County,103,"22,900","16,200",943,"30,300","24,600",279,"17,400","15,900","1,200","31,500","24,600","1,200","4,160","2,170","5,010"
E08000025,Birmingham,38,"25,200","15,700",332,"30,500","24,500",88,"17,200","15,800",417,"32,200","24,700",417,"4,390","2,220","1,830"
E08000026,Coventry,10,"20,400","15,600",118,"30,200","25,600",37,"17,900","16,400",152,"30,500","24,900",152,"3,780","2,240",574
E08000027,Dudley,13,"20,200","16,400",114,"29,000","24,500",36,"17,200","15,700",147,"29,700","24,200",147,"3,500","2,130",515
E08000028,Sandwell,12,"17,300","15,800",111,"27,400","23,600",25,"14,600","14,300",134,"27,800","23,400",134,"3,030","1,960",408
E08000029,Solihull,9,"31,100","16,500",84,"38,600","27,500",34,"21,400","18,400",115,"40,800","28,300",115,"7,140","2,790",822
E08000030,Walsall,11,"22,400","19,100",90,"28,900","24,000",29,"17,100","15,600",117,"30,100","24,000",117,"3,710","2,100",434
E08000031,Wolverhampton,10,"19,500","15,500",93,"28,600","23,900",32,"15,500","15,400",120,"29,200","23,300",120,"3,550","1,910",427
E10000034,Worcestershire County,33,"25,800","16,500",230,"33,100","25,500",97,"20,200","17,200",314,"36,500","27,000",314,"5,610","2,560","1,760"
E07000234,Bromsgrove,5,"39,500","18,000",40,"39,000","29,500",16,"21,300","18,100",53,"43,600","31,000",53,"7,900","3,220",420
E07000235,Malvern Hills,5,"28,000","15,900",26,"35,100","25,200",17,"22,300","18,500",40,"39,500","27,800",40,"6,530","2,660",264
E07000236,Redditch,5,"22,400","18,500",39,"30,200","24,800",13,"17,900","16,900",50,"32,400","25,200",50,"4,180","2,350",210
E07000237,Worcester,5,"21,400","16,300",40,"30,500","25,800",13,"18,000","16,200",52,"31,900","26,100",52,"4,180","2,520",215
E07000238,Wychavon,8,"25,600","16,700",49,"34,400","25,200",22,"21,000","17,800",68,"38,800","28,000",68,"6,370","2,660",431
E07000239,Wyre Forest,6,"18,800","15,500",36,"29,700","23,700",16,"19,300","16,900",51,"32,200","24,700",51,"4,330","2,140",222
E12000006,East of England,382,"28,500","17,200","2,410","38,300","27,700",851,"20,300","17,100","3,240","40,900","28,400","3,240","7,260","2,790","23,500"
E06000055,Bedford UA,10,"28,300","18,700",74,"36,400","28,100",24,"20,100","16,900",97,"38,100","28,100",97,"6,170","2,760",599
E06000056,Central Bedfordshire UA,19,"25,900","19,400",129,"37,800","29,400",43,"18,900","16,700",172,"38,800","29,500",172,"6,270","3,000","1,080"
E06000032,Luton UA,11,"20,600","16,000",71,"29,200","25,300",15,"17,700","15,600",89,"30,300","25,500",89,"3,690","2,380",328
E06000031,Peterborough UA,10,"23,300","17,300",78,"30,100","24,000",19,"18,700","16,300",97,"31,700","24,500",97,"4,270","2,230",413
E06000033,Southend-on-Sea UA,10,"24,700","18,600",64,"38,700","28,200",21,"20,200","17,100",84,"39,900","29,000",84,"6,860","2,900",579
E06000034,Thurrock UA,12,"23,600","18,700",71,"34,600","28,800",15,"17,900","17,100",89,"35,700","29,200",89,"5,140","3,000",456
E10000003,Cambridgeshire County,41,"27,300","15,400",281,"40,300","29,500",87,"20,700","16,600",363,"42,500","30,000",363,"7,710","3,090","2,800"
E07000008,Cambridge,8,"31,000","12,400",58,"45,800","31,400",11,"23,300","18,400",69,"49,200","32,200",69,"10,100","3,420",696
E07000009,East Cambridgeshire,6,"25,800","18,300",38,"37,800","29,700",13,"19,700","16,000",50,"40,200","30,500",50,"6,820","3,240",344
E07000010,Fenland,5,"23,700","19,900",40,"30,100","25,900",13,"16,700","15,900",52,"30,700","25,500",52,"3,850","2,390",202
E07000011,Huntingdonshire,10,"26,600","15,700",72,"36,800","28,800",25,"20,600","17,000",95,"38,900","29,500",95,"6,420","2,980",608
E07000012,South Cambridgeshire,12,"27,800","14,100",73,"46,100","31,100",25,"22,100","17,300",97,"48,700","32,400",97,"9,860","3,430",953
E10000012,Essex County,95,"28,800","17,800",563,"40,300","28,500",207,"20,500","17,200",768,"43,600","29,400",768,"8,190","2,940","6,290"
E07000066,Basildon,11,"26,400","20,900",69,"37,900","27,700",21,"19,300","16,200",91,"38,700","29,000",91,"6,430","2,860",584
E07000067,Braintree,10,"30,300","18,100",61,"37,800","27,000",21,"20,800","17,700",82,"40,300","28,500",82,"6,860","2,750",564
E07000068,Brentwood,5,"42,900","16,700",29,"55,700","33,100",11,"24,800","20,100",41,"59,300","34,900",41,"13,900","3,770",566
E07000069,Castle Point,5,"23,100","20,700",32,"34,500","26,600",15,"19,900","18,000",46,"35,700","27,700",46,"5,420","2,620",250
E07000070,Chelmsford,10,"31,400","17,900",71,"44,300","30,800",23,"23,500","18,700",94,"46,400","31,900",94,"8,960","3,450",843
E07000071,Colchester,12,"26,800","16,400",74,"36,900","28,200",23,"20,200","16,900",96,"39,200","28,600",96,"6,520","2,860",628
E07000072,Epping Forest,11,"35,900","17,400",52,"48,300","30,300",18,"21,000","17,400",71,"67,900","33,100",71,"17,000","3,540","1,210"
E07000073,Harlow,5,"21,300","16,300",35,"31,800","26,700",9,"17,300","15,800",44,"32,500","26,800",44,"4,300","2,550",191
E07000074,Maldon,5,"23,500","16,800",24,"38,200","28,100",12,"20,200","17,300",36,"39,500","28,800",36,"6,750","2,690",243
E07000075,Rochford,6,"23,500","18,100",35,"40,000","29,300",12,"19,000","16,300",47,"40,700","29,700",47,"7,070","3,010",331
E07000076,Tendring,8,"21,400","16,800",42,"30,800","25,400",25,"18,700","15,900",66,"31,600","24,200",66,"4,210","2,030",279
E07000077,Uttlesford,7,"34,100","16,200",38,"49,000","32,400",16,"20,900","16,200",54,"52,200","33,700",54,"11,300","3,410",606
E10000015,Hertfordshire County,80,"36,800","17,500",492,"46,700","30,600",153,"22,300","18,300",646,"50,200","32,100",646,"10,500","3,410","6,810"
E07000095,Broxbourne,7,"24,500","16,800",38,"36,300","27,900",12,"18,900","16,100",51,"38,000","28,200",51,"6,070","2,760",308
E07000096,Dacorum,10,"35,800","18,300",62,"46,800","29,800",20,"23,100","18,100",81,"50,400","32,300",81,"10,700","3,400",868
E07000242,East Hertfordshire,10,"34,200","19,100",64,"48,700","31,500",22,"22,900","19,600",86,"51,500","33,500",86,"11,000","3,680",938
E07000098,Hertsmere,9,"40,400","17,100",45,"44,600","28,500",15,"20,200","16,000",60,"53,300","32,200",60,"11,500","3,320",696
E07000099,North Hertfordshire,9,"32,700","17,600",58,"44,500","31,400",20,"22,900","18,900",77,"46,500","31,700",77,"9,080","3,420",698
E07000240,St Albans,11,"62,300","15,500",64,"65,400","35,200",22,"24,800","19,800",86,"68,700","35,700",86,"17,800","4,070","1,540"
E07000243,Stevenage,5,"20,300","17,200",36,"34,900","29,700",8,"19,400","17,800",45,"35,900","30,300",45,"5,110","3,200",229
E07000102,Three Rivers,7,"38,400","18,000",37,"49,900","29,700",11,"24,900","20,300",49,"55,800","33,200",49,"12,400","3,490",610
E07000103,Watford,5,"28,500","19,400",43,"39,700","31,200",9,"19,300","17,200",53,"40,500","31,300",53,"6,770","3,330",361
E07000241,Welwyn Hatfield,6,"32,800","17,300",45,"44,600","30,300",13,"21,900","17,900",57,"48,200","31,400",57,"9,750","3,400",560
E10000020,Norfolk County,52,"24,400","16,000",319,"30,500","25,000",145,"19,300","16,600",456,"32,900","25,400",456,"4,600","2,310","2,100"
E07000143,Breckland,8,"24,500","18,000",50,"29,800","24,900",23,"18,600","16,800",72,"31,500","24,900",72,"4,220","2,230",305
E07000144,Broadland,8,"27,400","17,400",47,"31,000","24,500",24,"18,800","17,200",69,"33,900","25,100",69,"4,930","2,240",339
E07000145,Great Yarmouth,5,"19,600","15,100",33,"27,100","24,200",16,"18,000","16,300",48,"28,500","23,800",48,"3,280","2,090",158
E07000146,King's Lynn and West Norfolk,9,"27,000","15,900",54,"29,300","23,600",24,"18,600","16,000",75,"32,700","24,900",75,"4,610","2,230",348
E07000147,North Norfolk,7,"22,600","15,800",32,"28,900","22,200",20,"20,700","16,800",50,"32,500","24,000",50,"4,540","2,060",226
E07000148,Norwich,7,"23,700","15,400",52,"31,100","26,100",14,"18,700","16,000",67,"32,500","25,900",67,"4,360","2,440",290
E07000149,South Norfolk,9,"23,500","15,500",52,"34,500","27,600",24,"21,000","17,800",75,"37,000","28,200",75,"5,780","2,770",432
E10000029,Suffolk County,43,"25,700","16,200",272,"32,800","25,100",122,"20,100","17,000",383,"35,500","25,900",383,"5,460","2,400","2,090"
E07000200,Babergh,6,"33,100","14,300",35,"35,000","25,300",17,"21,200","18,300",50,"39,600","27,200",50,"6,770","2,640",338
E07000244,East Suffolk,14,"23,500","15,400",79,"33,100","24,500",45,"20,500","17,500",121,"35,500","25,200",121,"5,610","2,280",679
E07000202,Ipswich,6,"22,000","18,000",55,"30,000","24,800",17,"18,400","16,000",71,"30,500","24,400",71,"3,880","2,140",276
E07000203,Mid Suffolk,6,"24,700","14,800",37,"34,400","26,300",20,"19,300","16,300",53,"37,700","28,000",53,"5,970","2,710",317
E07000245,West Suffolk,11,"27,000","18,400",65,"32,700","25,800",24,"20,300","17,200",88,"35,900","26,400",88,"5,470","2,550",484
E12000007,London,612,"51,000","17,900","3,500","52,700","32,000",638,"21,300","16,900","4,310","58,300","32,900","4,310","13,800","3,650","59,300"
E09000002,Barking and Dagenham,17,"21,100","19,400",73,"31,000","27,600",9,"14,800","14,200",90,"31,800","28,000",90,"3,910","2,820",352
E09000003,Barnet,33,"46,900","19,000",144,"51,400","31,000",36,"21,300","17,400",190,"59,100","33,500",190,"13,700","3,600","2,610"
E09000004,Bexley,14,"22,000","18,300",103,"38,000","29,800",33,"18,400","17,200",135,"38,000","29,300",135,"6,040","3,020",813
E09000005,Brent,27,"30,400","18,300",118,"41,400","29,000",19,"18,100","15,900",149,"44,100","30,000",149,"8,370","3,200","1,250"
E09000006,Bromley,21,"39,100","17,100",132,"52,800","35,500",43,"24,200","20,300",176,"54,500","35,800",176,"12,000","4,080","2,110"
E09000007,Camden,16,"176,000","18,100",87,"84,400","36,800",16,"26,500","16,900",108,"119,000","38,900",108,"37,800","4,790","4,080"
E09000001,City of London,2,"292,000","43,800",7,"122,000","55,400",1,"38,900","24,700",9,"167,000","62,200",9,"56,400","11,400",529
E09000008,Croydon,22,"22,900","15,100",156,"38,900","29,400",36,"20,800","17,400",192,"40,900","30,400",192,"6,970","3,200","1,340"
E09000009,Ealing,25,"34,200","19,400",145,"44,200","29,800",26,"19,700","16,400",178,"46,800","30,900",178,"9,460","3,270","1,690"
E09000010,Enfield,22,"28,000","18,200",109,"39,400","28,600",28,"20,300","17,000",142,"42,800","29,900",142,"7,810","3,110","1,110"
E09000011,Greenwich,17,"37,200","17,700",113,"47,200","32,000",18,"17,900","15,600",136,"48,900","31,800",136,"10,100","3,520","1,370"
E09000012,Hackney,17,"37,300","17,000",107,"48,400","32,700",10,"17,800","16,100",123,"52,500","34,300",123,"11,300","3,890","1,390"
E09000013,Hammersmith and Fulham,12,"91,000","18,100",84,"73,200","35,300",11,"24,200","16,500",98,"83,600","37,000",98,"24,200","4,390","2,380"
E09000014,Haringey,25,"44,900","16,500",104,"51,500","29,600",15,"22,000","15,800",128,"57,100","31,300",128,"13,600","3,290","1,750"
E09000015,Harrow,23,"28,600","19,400",93,"43,300","30,400",23,"20,800","16,800",125,"46,500","32,300",125,"8,870","3,450","1,110"
E09000016,Havering,19,"25,000","18,900",99,"39,900","30,100",33,"18,700","16,900",135,"40,000","29,800",135,"6,750","3,150",912
E09000017,Hillingdon,17,"26,900","17,900",115,"39,700","30,000",26,"19,600","17,300",144,"41,600","30,600",144,"7,170","3,230","1,030"
E09000018,Hounslow,17,"32,900","17,600",115,"42,700","28,300",20,"19,500","15,800",140,"45,400","29,300",140,"9,070","3,020","1,270"
E09000019,Islington,15,"75,700","15,900",95,"67,300","36,600",10,"24,300","18,000",110,"76,600","38,200",110,"20,700","4,670","2,270"
E09000020,Kensington and Chelsea,11,"319,000","16,900",55,"149,000","37,500",11,"33,600","16,000",68,"208,000","43,900",68,"71,600","5,520","4,900"
E09000021,Kingston upon Thames,10,"34,600","16,400",65,"53,600","34,200",16,"23,200","18,100",82,"56,500","35,900",82,"12,600","3,960","1,030"
E09000022,Lambeth,22,"38,700","15,100",149,"52,500","34,000",14,"18,600","14,500",169,"56,100","34,500",169,"12,800","4,020","2,170"
E09000023,Lewisham,19,"28,200","17,300",126,"43,300","31,900",18,"18,800","16,600",149,"44,800","32,000",149,"8,460","3,460","1,260"
E09000024,Merton,16,"58,700","18,500",91,"57,900","33,100",18,"23,700","18,200",114,"63,000","33,900",114,"15,500","3,800","1,770"
E09000025,Newham,28,"21,300","19,600",121,"35,900","28,200",9,"13,600","13,100",146,"36,100","28,300",146,"5,540","2,930",807
E09000026,Redbridge,24,"25,800","19,100",105,"40,900","30,000",23,"19,700","17,100",138,"42,700","31,200",138,"7,640","3,290","1,050"
E09000027,Richmond upon Thames,13,"94,700","17,700",80,"82,200","40,700",23,"28,200","20,600",104,"90,400","44,000",104,"25,800","5,430","2,690"
E09000028,Southwark,19,"50,400","15,800",140,"52,100","32,700",15,"20,600","15,200",156,"57,800","34,400",156,"13,500","4,010","2,110"
E09000029,Sutton,12,"26,300","19,700",80,"44,800","33,200",20,"20,300","17,400",102,"45,200","33,300",102,"8,350","3,710",851
E09000030,Tower Hamlets,15,"33,200","16,500",134,"53,000","34,900",7,"20,400","13,300",147,"55,500","35,500",147,"12,600","4,220","1,850"
E09000031,Waltham Forest,26,"22,800","17,900",112,"39,300","30,600",17,"18,300","16,700",140,"40,100","30,900",140,"6,630","3,290",931
E09000032,Wandsworth,22,"82,600","16,400",158,"70,100","38,600",19,"24,000","17,900",182,"79,700","40,200",182,"21,900","4,960","3,990"
E09000033,Westminster,12,"200,000","18,100",85,"107,000","38,600",14,"31,700","16,400",102,"133,000","41,200",102,"44,300","5,260","4,500"
E12000008,South East,563,"31,300","17,000","3,570","41,900","28,300","1,310","22,100","17,800","4,830","44,700","29,700","4,830","8,580","3,010","41,400"
E06000036,Bracknell Forest UA,5,"26,600","18,400",55,"42,900","31,200",15,"20,900","17,600",68,"44,300","32,500",68,"8,200","3,530",559
E06000043,Brighton and Hove UA,20,"25,300","17,200",102,"38,800","27,900",28,"19,500","16,300",134,"42,100","29,700",134,"7,360","2,950",988
E06000060,Buckinghamshire UA,36,"39,100","17,000",228,"49,200","30,500",85,"24,600","18,400",309,"53,600","32,700",309,"11,800","3,510","3,630"
E06000046,Isle of Wight UA,8,"21,500","15,900",45,"27,900","22,400",24,"19,700","16,600",66,"31,500","24,800",66,"4,160","2,120",273
E06000035,Medway Towns UA,16,"21,600","18,100",106,"33,900","28,100",31,"18,500","17,200",138,"34,500","28,000",138,"4,790","2,750",663
E06000042,Milton Keynes UA,14,"20,600","15,500",119,"37,000","27,900",27,"19,200","16,100",143,"38,600","29,200",143,"6,280","2,950",900
E06000044,Portsmouth UA,11,"21,700","18,700",74,"30,400","24,900",21,"17,900","16,100",95,"31,900","25,500",95,"4,130","2,360",393
E06000038,Reading UA,8,"23,200","16,300",70,"39,900","29,800",13,"21,400","18,100",84,"41,100","30,400",84,"7,200","3,250",604
E06000039,Slough UA,9,"19,200","16,500",57,"33,300","27,300",8,"15,300","14,000",67,"34,600","27,700",67,"4,920","2,740",328
E06000045,Southampton UA,12,"20,500","16,500",93,"29,900","25,600",22,"17,100","15,100",115,"30,900","25,500",115,"3,870","2,370",445
E06000037,West Berkshire UA,10,"33,100","17,200",70,"42,900","27,900",25,"22,500","17,700",92,"46,800","30,600",92,"9,210","3,110",843
E06000040,Windsor and Maidenhead UA,9,"37,800","15,900",66,"59,500","34,500",23,"26,000","20,100",88,"61,800","35,700",88,"14,900","4,050","1,300"
E06000041,Wokingham UA,9,"28,900","17,300",73,"52,500","34,700",22,"25,000","21,400",95,"53,200","35,800",95,"11,500","4,080","1,100"
E10000011,East Sussex County,40,"27,500","16,400",180,"33,400","24,000",94,"21,700","17,500",271,"38,300","26,400",271,"6,330","2,430","1,720"
E07000061,Eastbourne,7,"19,800","15,000",31,"28,100","22,400",16,"21,900","18,300",48,"31,300","24,100",48,"3,990","2,020",191
E07000062,Hastings,6,"22,200","19,200",28,"28,200","23,000",11,"16,800","15,200",39,"30,000","24,200",39,"3,600","2,040",140
E07000063,Lewes,8,"26,600","16,500",36,"34,100","25,000",17,"23,100","18,100",52,"39,600","28,200",52,"6,690","2,690",345
E07000064,Rother,6,"34,600","14,600",31,"33,000","23,600",19,"22,100","17,900",48,"38,600","26,600",48,"6,260","2,470",299
E07000065,Wealden,14,"30,400","17,000",55,"38,900","25,200",31,"22,300","17,400",85,"45,000","28,400",85,"8,740","2,640",742
E10000014,Hampshire County,78,"28,600","17,000",547,"39,800","28,200",228,"21,700","18,100",754,"42,000","29,400",754,"7,570","2,940","5,700"
E07000084,Basingstoke and Deane,9,"28,500","15,200",79,"43,000","30,400",27,"21,000","17,700",104,"44,100","30,400",104,"8,310","3,250",861
E07000085,East Hampshire,10,"31,500","17,800",47,"43,500","28,900",24,"24,500","19,500",70,"46,500","30,900",70,"9,200","3,110",649
E07000086,Eastleigh,8,"23,400","17,800",58,"35,800","29,000",18,"20,000","17,600",74,"37,800","29,900",74,"5,800","3,070",429
E07000087,Fareham,6,"24,700","19,100",44,"35,000","27,300",20,"21,200","17,700",62,"36,800","28,800",62,"5,600","2,800",348
E07000088,Gosport,3,"21,100","19,100",32,"31,300","25,900",13,"18,800","16,800",42,"32,400","25,900",42,"4,250","2,410",179
E07000089,Hart,5,"32,400","16,900",41,"52,500","33,400",18,"22,800","17,900",57,"53,000","34,200",57,"11,600","3,830",658
E07000090,Havant,6,"23,000","18,500",42,"31,700","24,200",20,"18,800","16,700",61,"33,200","25,000",61,"4,660","2,200",282
E07000091,New Forest,11,"27,100","15,900",61,"35,700","25,700",33,"23,200","19,100",93,"39,500","27,300",93,"6,690","2,620",621
E07000092,Rushmoor,5,"20,700","16,800",42,"34,500","28,700",10,"17,500","15,700",51,"35,000","28,700",51,"4,980","2,890",254
E07000093,Test Valley,7,"32,900","17,400",53,"39,600","27,800",24,"22,300","17,300",74,"42,800","29,500",74,"7,860","2,930",580
E07000094,Winchester,8,"41,400","14,800",49,"51,800","30,500",20,"24,400","19,600",67,"56,300","34,600",67,"12,700","3,670",843
E10000016,Kent County,97,"30,900","17,600",582,"38,800","26,700",227,"20,500","17,100",803,"41,000","27,700",803,"7,340","2,680","5,890"
E07000105,Ashford,9,"28,800","18,600",51,"34,900","25,800",19,"20,600","17,200",70,"38,200","27,100",70,"6,300","2,620",442
E07000106,Canterbury,9,"26,400","14,800",51,"35,200","25,300",23,"19,900","16,600",73,"37,300","26,300",73,"6,050","2,360",442
E07000107,Dartford,7,"24,600","18,600",45,"38,600","31,200",12,"19,900","17,100",59,"39,200","30,600",59,"6,280","3,220",368
E07000108,Dover,7,"22,000","16,200",38,"31,100","24,400",24,"19,000","15,900",60,"32,600","25,000",60,"4,530","2,200",271
E07000112,Folkestone and Hythe,6,"21,500","15,500",35,"33,900","26,600",19,"20,200","17,800",53,"35,100","26,600",53,"5,320","2,450",282
E07000109,Gravesham,6,"25,900","20,800",41,"35,100","28,000",13,"19,200","17,400",54,"36,500","28,600",54,"5,520","2,920",296
E07000110,Maidstone,11,"30,200","17,000",72,"37,200","27,000",21,"21,000","16,700",93,"40,000","28,900",93,"6,600","2,820",616
E07000111,Sevenoaks,8,"58,400","17,400",49,"60,300","30,200",20,"23,200","18,700",68,"63,700","32,200",68,"16,000","3,340","1,090"
E07000113,Swale,9,"24,300","19,000",56,"32,200","25,200",19,"18,400","16,100",76,"33,800","25,800",76,"4,790","2,390",364
E07000114,Thanet,8,"20,700","16,500",46,"29,200","23,100",20,"18,500","16,600",65,"31,200","24,300",65,"4,110","2,050",265
E07000115,Tonbridge and Malling,9,"35,300","17,500",52,"45,100","29,200",18,"22,100","18,100",71,"47,000","29,900",71,"9,490","3,030",673
E07000116,Tunbridge Wells,8,"47,100","17,400",46,"50,900","29,900",17,"23,700","18,700",62,"55,700","31,200",62,"12,600","3,270",786
E10000025,Oxfordshire County,44,"32,600","16,000",293,"42,100","29,800",97,"23,000","18,100",384,"46,400","31,000",384,"9,010","3,270","3,460"
E07000177,Cherwell,9,"29,400","13,200",69,"36,200","27,200",19,"20,900","17,400",87,"40,400","28,000",87,"7,070","2,780",618
E07000178,Oxford,9,"26,100","12,700",57,"40,900","31,100",13,"23,600","17,400",70,"45,200","31,500",70,"8,450","3,460",588
E07000179,South Oxfordshire,10,"40,900","18,200",59,"50,900","31,200",25,"24,600","18,900",83,"54,900","33,300",83,"12,200","3,530","1,010"
E07000180,Vale of White Horse,8,"30,800","19,400",58,"43,900","31,100",22,"23,100","19,300",78,"45,900","32,500",78,"8,720","3,590",679
E07000181,West Oxfordshire,8,"34,400","15,500",50,"39,200","29,100",19,"22,800","18,100",67,"45,300","31,000",67,"8,500","3,240",566
E10000030,Surrey County,79,"46,400","17,200",490,"56,400","32,600",174,"25,800","19,500",661,"60,000","34,800",661,"14,200","3,870","9,400"
E07000207,Elmbridge,10,"82,500","18,200",56,"89,600","39,100",19,"28,800","19,100",76,"94,000","42,200",76,"27,700","5,100","2,110"
E07000208,Epsom and Ewell,5,"29,700","18,700",33,"51,300","33,800",11,"23,600","20,300",44,"51,900","35,100",44,"10,800","3,830",474
E07000209,Guildford,10,"52,900","16,700",62,"52,200","31,000",20,"26,000","18,600",81,"58,900","34,300",81,"13,600","3,850","1,110"
E07000210,Mole Valley,7,"32,100","16,300",34,"54,500","30,200",16,"27,600","18,700",48,"58,600","33,800",48,"13,700","3,650",661
E07000211,Reigate and Banstead,9,"33,300","16,700",64,"50,900","33,400",19,"25,300","19,000",84,"53,900","34,500",84,"11,800","3,820",986
E07000212,Runnymede,4,"37,800","18,100",37,"50,300","30,800",11,"23,800","19,700",47,"53,100","33,100",47,"11,700","3,540",554
E07000213,Spelthorne,5,"22,700","17,100",41,"40,300","31,300",13,"22,300","19,500",55,"41,500","31,800",55,"7,110","3,390",387
E07000214,Surrey Heath,6,"28,700","17,500",35,"51,600","34,800",14,"25,800","20,800",49,"52,700","35,400",49,"11,200","3,990",546
E07000215,Tandridge,6,"47,000","16,700",32,"58,000","32,800",14,"24,300","20,300",46,"60,100","34,300",46,"14,400","3,740",655
E07000216,Waverley,10,"59,900","16,200",53,"58,100","32,100",23,"27,300","19,500",75,"65,000","35,700",75,"16,100","4,040","1,210"
E07000217,Woking,6,"46,100","19,200",43,"53,700","32,000",12,"25,600","18,500",57,"55,800","33,700",57,"12,700","3,690",720
E10000032,West Sussex County,55,"26,700","17,000",325,"37,700","27,400",143,"22,400","18,200",463,"40,200","28,400",463,"6,970","2,810","3,230"
E07000223,Adur,4,"21,800","16,900",21,"34,500","27,200",10,"19,500","16,900",31,"34,600","27,400",31,"5,040","2,670",157
E07000224,Arun,11,"21,100","17,600",54,"30,600","23,900",31,"21,300","17,600",83,"33,300","25,500",83,"4,710","2,370",392
E07000225,Chichester,9,"34,700","16,800",46,"40,100","25,400",24,"23,800","18,200",68,"45,500","28,300",68,"8,980","2,760",613
E07000226,Crawley,6,"23,200","19,200",45,"33,400","27,900",10,"17,900","17,000",56,"34,100","27,900",56,"4,830","2,790",270
E07000227,Horsham,10,"27,600","16,700",56,"42,100","30,600",26,"24,400","18,900",81,"45,300","32,500",81,"8,490","3,470",690
E07000228,Mid Sussex,10,"31,600","15,000",60,"45,400","29,700",25,"24,700","20,100",84,"47,400","30,200",84,"9,570","3,060",802
E07000229,Worthing,5,"21,400","16,300",43,"33,900","27,000",18,"20,500","17,800",60,"35,200","27,500",60,"5,100","2,640",304
E12000009,South West,358,"23,400","15,600","2,080","32,000","25,100",891,"20,200","17,000","2,900","35,300","26,400","2,900","5,290","2,470","15,300"
E06000022,Bath and North East Somerset UA,13,"29,900","16,400",72,"37,400","27,000",28,"21,500","17,600",99,"41,800","28,700",99,"7,430","2,750",736
E06000058,"Bournemouth, Christchurch and Poole UA",22,"23,900","16,400",146,"31,700","24,500",57,"20,700","17,000",201,"34,900","25,600",201,"5,250","2,320","1,050"
E06000023,Bristol UA,27,"24,700","15,800",185,"33,500","26,800",40,"19,200","16,300",227,"36,500","27,800",227,"5,600","2,720","1,270"
E06000052,Cornwall UA,44,"21,600","15,500",187,"27,300","22,500",88,"18,800","16,500",273,"31,200","24,400",273,"4,000","2,090","1,090"
E06000059,Dorset UA,24,"23,400","15,000",129,"30,900","24,400",79,"21,400","17,700",198,"35,600","26,300",198,"5,410","2,470","1,070"
E06000053,Isles of Scilly UA,[Not available],[Not available],[Not available],[Not available],[Not available],[Not available],[Not available],[Not available],[Not available],[Not available],[Not available],[Not available],[Not available],[Not available],[Not available],[Not available]
E06000024,North Somerset UA,12,"23,200","14,600",86,"33,800","26,000",37,"21,100","17,700",120,"36,700","27,600",120,"5,630","2,670",674
E06000026,Plymouth UA,11,"20,600","16,200",99,"28,600","24,000",38,"17,900","16,600",131,"29,700","24,000",131,"3,500","2,050",459
E06000025,South Gloucestershire UA,16,"22,600","16,500",120,"33,900","27,900",40,"19,600","17,700",156,"36,700","28,600",156,"5,550","2,810",868
E06000030,Swindon UA,11,"20,100","17,300",98,"34,200","26,600",26,"17,200","15,600",121,"34,700","26,700",121,"5,010","2,630",605
E06000027,Torbay UA,[Not available],[Not available],[Not available],[Not available],[Not available],[Not available],[Not available],[Not available],[Not available],[Not available],[Not available],[Not available],[Not available],[Not available],[Not available],[Not available]
E06000054,Wiltshire UA,30,"26,600","16,200",198,"35,800","26,600",88,"21,500","17,700",272,"39,700","28,600",272,"6,650","2,780","1,810"
E10000008,Devon County,62,"22,600","15,100",269,"30,200","24,200",141,"20,200","17,000",403,"34,100","25,800",403,"4,880","2,360","1,970"
E07000040,East Devon,10,"25,500","16,800",47,"32,100","24,100",30,"21,700","17,900",76,"35,900","26,300",76,"5,570","2,490",423
E07000041,Exeter,7,"22,200","16,000",46,"32,500","27,100",15,"20,400","16,800",60,"34,900","27,600",60,"4,960","2,780",299
E07000042,Mid Devon,7,"24,300","15,500",28,"30,000","24,400",14,"19,800","17,000",42,"34,300","26,000",42,"5,020","2,340",210
E07000043,North Devon,9,"20,200","14,800",32,"26,900","21,700",15,"19,000","16,400",47,"31,100","23,800",47,"3,980","1,950",188
E07000044,South Hams,8,"24,100","16,900",30,"31,700","25,200",17,"21,600","17,400",46,"37,600","28,800",46,"5,720","2,770",264
E07000045,Teignbridge,10,"22,400","13,700",49,"29,200","23,700",24,"19,200","16,900",71,"33,200","25,000",71,"4,630","2,230",329
E07000046,Torridge,6,"17,800","14,200",21,"27,400","22,600",13,"18,000","15,600",33,"30,000","23,300",33,"3,680","1,930",123
E07000047,West Devon,4,"22,400","14,800",16,"29,600","23,700",12,"21,300","18,500",27,"33,800","25,700",27,"4,920","2,250",132
E10000013,Gloucestershire County,40,"25,300","15,800",245,"34,400","25,700",106,"20,700","17,400",340,"37,900","27,000",340,"6,200","2,580","2,110"
E07000078,Cheltenham,7,"24,400","15,000",45,"37,400","25,800",18,"20,900","17,100",61,"40,100","28,000",61,"6,840","2,650",420
E07000079,Cotswold,8,"34,600","15,700",34,"41,200","25,000",17,"25,300","19,200",50,"50,500","29,100",50,"10,800","2,790",535
E07000080,Forest of Dean,6,"17,700","14,600",31,"29,300","25,400",16,"18,100","16,400",45,"31,300","25,000",45,"4,050","2,220",183
E07000081,Gloucester,5,"21,600","17,500",52,"29,000","25,100",18,"17,500","16,400",67,"30,000","25,100",67,"3,550","2,320",237
E07000082,Stroud,8,"26,000","14,800",44,"36,500","26,900",21,"21,700","17,800",64,"40,000","27,900",64,"6,720","2,730",428
E07000083,Tewkesbury,6,"23,400","16,400",39,"33,700","26,200",17,"20,800","17,600",53,"36,600","27,100",53,"5,710","2,610",305
E10000027,Somerset County,38,"21,400","15,200",204,"29,700","23,900",102,"20,500","16,500",296,"33,300","25,600",296,"4,680","2,300","1,380"
E07000187,Mendip,9,"22,000","15,900",39,"30,600","23,700",22,"20,600","16,900",59,"35,500","26,000",59,"5,350","2,400",314
E07000188,Sedgemoor,8,"22,400","16,200",48,"28,500","23,500",22,"18,400","16,200",66,"31,600","24,900",66,"4,150","2,200",276
E07000246,Somerset West and Taunton,11,"18,900","13,600",58,"29,500","23,700",27,"22,500","16,500",82,"33,100","25,400",82,"4,590","2,260",378
E07000189,South Somerset,11,"22,800","15,600",59,"30,400","24,600",31,"20,300","16,700",88,"33,400","25,600",88,"4,710","2,370",417
W92000004,Wales,142,"20,100","14,900","1,090","29,800","24,800",448,"18,900","17,000","1,480","31,600","25,200","1,480","4,040","2,280","5,970"
W06000019,Blaenau Gwent,2,"18,000","16,400",24,"26,800","24,000",8,"14,800","14,900",31,"26,700","22,900",31,"2,760","1,960",85
W06000013,Bridgend,5,"20,400","16,100",50,"30,900","27,000",21,"18,900","17,000",68,"31,500","26,600",68,"3,900","2,450",266
W06000018,Caerphilly,6,"20,700","17,300",60,"28,900","24,800",22,"16,700","15,700",79,"29,800","24,600",79,"3,510","2,170",276
W06000015,Cardiff,14,"24,600","14,900",129,"33,100","26,400",38,"20,300","17,900",162,"36,200","27,700",162,"5,210","2,670",844
W06000010,Carmarthenshire,12,"15,900","11,400",67,"28,200","24,400",29,"19,000","16,500",91,"30,700","25,300",91,"3,750","2,270",342
W06000008,Ceredigion,5,"17,900","13,100",22,"26,400","22,700",13,"19,100","16,700",33,"28,900","23,500",33,"3,310","1,950",110
W06000003,Conwy,6,"21,600","15,700",38,"28,400","23,500",19,"18,200","16,200",54,"31,600","25,000",54,"4,140","2,220",222
W06000004,Denbighshire,5,"22,700","14,700",31,"28,600","24,500",15,"18,700","17,300",44,"31,100","25,700",44,"4,000","2,350",177
W06000005,Flintshire,6,"21,200","17,000",60,"30,900","26,200",24,"19,900","18,100",81,"32,000","26,000",81,"4,140","2,480",334
W06000002,Gwynedd,9,"19,400","13,300",36,"27,200","23,900",17,"19,100","16,700",51,"30,500","24,800",51,"3,740","2,220",192
W06000001,Isle of Anglesey,4,"19,300","15,000",24,"27,200","22,700",13,"20,000","17,900",35,"29,000","23,800",35,"3,410","2,010",121
W06000024,Merthyr Tydfil,2,"21,200","19,600",19,"27,900","24,300",7,"16,300","15,100",25,"28,400","24,300",25,"3,180","2,100",80
W06000021,Monmouthshire,6,"23,700","14,100",35,"35,700","27,400",17,"21,700","18,300",51,"38,300","28,300",51,"6,140","2,810",314
W06000012,Neath Port Talbot,5,"17,500","15,200",52,"28,300","24,200",22,"17,900","17,200",69,"29,100","24,000",69,"3,360","2,050",233
W06000022,Newport,5,"17,100","13,800",57,"30,100","25,200",18,"19,300","17,400",72,"31,300","25,700",72,"3,930","2,420",283
W06000009,Pembrokeshire,9,"16,400","13,100",39,"28,000","23,600",22,"19,100","16,500",58,"30,500","24,600",58,"3,750","2,180",218
W06000023,Powys,13,"17,500","14,100",42,"28,000","23,600",24,"18,300","16,800",65,"30,700","24,400",65,"3,820","2,110",248
W06000016,"Rhondda, Cynon, Taff",9,"19,300","17,200",89,"28,700","24,100",30,"17,600","16,500",116,"29,100","24,100",116,"3,340","2,100",389
W06000011,Swansea,8,"21,400","14,900",86,"30,100","24,900",33,"19,200","17,700",113,"31,900","25,400",113,"4,090","2,330",463
W06000014,The Vale of Glamorgan,6,"25,600","14,600",46,"33,600","25,200",23,"21,200","18,000",65,"36,700","26,800",65,"5,660","2,530",370
W06000020,Torfaen,3,"17,600","14,900",34,"27,600","24,200",12,"17,400","17,300",43,"28,800","24,400",43,"3,240","2,180",139
W06000006,Wrexham,4,"23,700","16,800",52,"28,900","24,600",20,"18,900","16,600",68,"30,400","24,900",68,"3,800","2,180",260
S92000003,Scotland,226,"29,300","15,900","2,060","33,100","26,600",746,"19,600","16,900","2,690","35,100","26,800","2,690","5,430","2,560","14,600"
S12000033,Aberdeen City,6,"27,300","18,200",87,"37,900","28,200",25,"21,500","17,800",108,"39,200","29,100",108,"6,850","2,980",737
S12000034,Aberdeenshire,12,"28,000","17,700",102,"37,800","28,800",43,"20,400","17,300",137,"39,700","29,800",137,"6,900","2,960",944
S12000041,Angus,6,"25,400","16,900",43,"30,900","25,800",19,"20,000","16,900",60,"32,500","25,800",60,"4,490","2,340",269
S12000035,Argyll and Bute,6,"22,700","13,300",29,"32,200","27,400",14,"22,600","17,700",43,"34,900","28,000",43,"5,250","2,730",224
S12000005,Clackmannanshire,2,"24,600","17,800",19,"32,500","25,500",7,"19,000","16,700",25,"32,900","25,700",25,"4,830","2,470",120
S12000006,Dumfries and Galloway,9,"21,700","16,000",50,"27,400","23,900",26,"18,500","16,600",73,"29,900","24,500",73,"3,680","2,130",269
S12000042,Dundee City,4,"22,400","14,400",48,"28,500","24,100",15,"18,300","16,300",60,"30,200","24,400",60,"3,780","2,120",229
S12000008,East Ayrshire,5,"20,600","15,600",46,"30,500","25,800",16,"18,500","16,600",61,"31,000","25,400",61,"4,070","2,280",247
S12000045,East Dunbartonshire,5,"35,300","17,400",44,"37,800","30,400",21,"22,500","19,400",63,"39,000","29,900",63,"6,550","3,070",416
S12000010,East Lothian,6,"47,600","16,900",40,"37,300","26,500",17,"21,600","18,500",56,"41,300","27,200",56,"7,830","2,620",441
S12000011,East Renfrewshire,5,"34,400","17,300",38,"38,400","29,800",15,"22,100","19,100",51,"41,900","30,600",51,"7,530","3,210",384
S12000036,"Edinburgh, City of",24,"63,000","14,900",210,"39,300","28,000",62,"22,700","18,900",267,"44,900","28,900",267,"8,950","2,950","2,400"
S12000014,Falkirk,5,"23,400","17,300",65,"32,400","26,500",22,"19,200","17,600",85,"32,500","26,200",85,"4,600","2,510",389
S12000047,Fife,15,"24,600","16,300",128,"31,200","26,100",56,"19,400","17,000",177,"32,400","25,800",177,"4,590","2,440",812
S12000049,Glasgow City,21,"25,200","16,800",225,"31,100","25,900",50,"17,300","15,400",270,"32,400","26,000",270,"4,520","2,420","1,220"
S12000017,Highland,15,"21,500","14,900",90,"29,800","25,800",36,"19,400","16,500",121,"32,600","26,800",121,"4,400","2,500",533
S12000018,Inverclyde,2,"25,300","13,400",28,"30,200","24,100",13,"20,500","16,800",38,"31,500","24,700",38,"4,400","2,220",168
S12000019,Midlothian,4,"25,600","18,100",42,"32,500","27,200",14,"18,800","16,700",53,"33,900","27,900",53,"4,970","2,760",262
S12000020,Moray,4,"20,900","14,700",34,"31,000","24,200",16,"19,000","16,700",46,"33,000","25,200",46,"4,600","2,210",214
S12000013,Na h-Eileanan Siar,1,"17,200","12,600",10,"26,800","24,600",4,"18,300","15,200",13,"30,800","25,800",13,"4,000","2,570",50
S12000021,North Ayrshire,5,"18,000","14,400",45,"30,400","26,700",19,"19,200","16,400",61,"30,900","26,100",61,"4,000","2,470",244
S12000050,North Lanarkshire,9,"22,500","17,600",132,"31,000","26,300",36,"15,700","14,800",159,"31,500","26,200",159,"4,150","2,450",660
S12000023,Orkney Islands,2,"16,400","11,400",8,"30,700","27,000",3,"20,900","16,800",11,"33,300","27,000",11,"4,540","2,620",50
S12000048,Perth and Kinross,8,"30,400","18,200",62,"32,000","25,300",27,"20,100","17,100",85,"34,900","26,400",85,"5,470","2,470",466
S12000038,Renfrewshire,6,"22,700","14,900",73,"31,500","25,900",28,"17,800","16,100",95,"32,000","25,400",95,"4,340","2,280",413
S12000026,Scottish Borders,8,"24,100","15,500",41,"30,400","25,100",19,"20,200","16,500",58,"34,000","26,200",58,"5,060","2,410",293
S12000027,Shetland Islands,1,"25,900","18,400",9,"31,600","28,300",4,"17,200","15,600",11,"38,000","31,100",11,"6,000","3,530",64
S12000028,South Ayrshire,4,"28,200","16,200",36,"33,000","25,800",22,"22,900","17,900",54,"35,200","26,300",54,"5,460","2,420",297
S12000029,South Lanarkshire,12,"23,900","15,400",124,"33,400","27,400",46,"18,400","17,200",162,"34,400","27,200",162,"5,170","2,630",836
S12000030,Stirling,5,"28,900","14,100",35,"37,400","27,500",15,"22,100","18,800",48,"39,900","28,600",48,"7,060","2,840",338
S12000039,West Dunbartonshire,3,"21,400","14,000",36,"29,300","25,700",13,"15,800","14,600",46,"29,600","25,200",46,"3,700","2,300",169
S12000040,West Lothian,6,"21,200","14,900",78,"32,700","26,900",23,"17,500","15,800",96,"33,500","26,800",96,"4,840","2,580",463
N92000002,Northern Ireland,102,"22,200","14,700",639,"29,600","24,800",181,"18,800","16,500",810,"32,400","25,800",810,"4,250","2,370","3,440"
N09000001,Antrim and Newtownabbey,7,"20,900","16,000",51,"30,300","25,800",16,"19,200","18,000",65,"32,100","26,200",65,"4,080","2,490",266
N09000011,Ards and North Down,9,"26,000","14,700",55,"30,300","25,100",22,"21,200","17,200",75,"34,000","25,900",75,"4,820","2,440",361
N09000002,"Armagh City, Banbridge and Craigavon",13,"20,600","14,400",79,"28,100","24,500",20,"16,600","14,900",98,"30,800","25,200",98,"3,770","2,250",369
N09000003,Belfast,11,"29,800","15,100",118,"31,000","25,900",29,"18,300","15,900",143,"33,400","26,100",143,"4,650","2,500",663
N09000004,Causeway Coast and Glens,10,"23,400","16,400",40,"27,600","24,000",14,"20,200","18,200",56,"31,700","26,200",56,"3,990","2,450",222
N09000005,Derry City and Strabane,7,"21,400","15,200",48,"28,700","23,300",11,"18,600","16,400",60,"30,900","24,300",60,"3,740","2,100",223
N09000006,Fermanagh and Omagh,9,"13,600","5,430",34,"27,700","23,900",10,"18,900","16,600",44,"30,800","25,600",44,"3,680","2,200",162
N09000007,Lisburn and Castlereagh,8,"26,000","13,800",57,"32,800","26,600",17,"19,700","18,000",72,"35,700","26,900",72,"5,350","2,610",387
N09000008,Mid and East Antrim,7,"22,400","15,300",48,"29,200","24,300",17,"18,600","16,700",63,"31,400","25,300",63,"4,010","2,330",254
N09000009,Mid Ulster,10,"18,800","12,900",54,"28,700","24,400",10,"16,100","15,000",64,"31,900","25,600",64,"3,980","2,270",256
N09000010,"Newry, Mourne and Down",12,"20,900","15,800",55,"28,500","23,700",14,"18,200","16,200",70,"31,900","25,900",70,"3,970","2,210",279
