code_2010,code_2024,old_population_present
W07000049,W07000081,0.82
W07000049,W07000103,0.18
W07000058,W07000083,1.00
S14000001,S14000060,0.77
S14000001,S14000061,0.23
S14000002,S14000061,0.97
S14000002,S14000060,0.03
S14000003,S14000063,0.99
S14000003,S14000070,0.01
S14000003,S14000072,0.00
S14000003,S14000099,0.00
E14000530,E14001063,1.00
E14000531,E14001064,1.00
E14000532,E14001065,1.00
W07000043,W07000082,1.00
E14000533,E14001066,1.00
S14000004,S14000065,0.62
S14000004,S14000066,0.38
W07000057,W07000096,0.56
W07000057,W07000083,0.44
S14000005,S14000067,1.00
E14000534,E14001067,0.67
E14000534,E14001366,0.17
E14000534,E14001599,0.11
E14000534,E14001294,0.05
E14000535,E14001068,0.86
E14000535,E14001140,0.14
E14000536,E14001069,0.68
E14000536,E14001570,0.32
E14000537,E14001070,0.78
E14000537,E14001352,0.22
E14000538,E14001071,0.67
E14000538,E14001360,0.32
E14000538,E14001600,0.01
S14000006,S14000006,1.00
E14000539,E14001072,0.60
E14000539,E14001090,0.40
S14000007,S14000062,0.79
S14000007,S14000091,0.21
E14000540,E14001073,0.92
E14000540,E14001189,0.08
E14000541,E14001074,0.87
E14000541,E14001075,0.13
E14000542,E14001075,0.73
E14000542,E14001074,0.27
E14000543,E14001076,1.00
E14000544,E14001077,1.00
E14000545,E14001078,0.86
E14000545,E14001403,0.07
E14000545,E14001392,0.07
E14000546,E14001079,0.96
E14000546,E14001375,0.04
E14000547,E14001080,1.00
E14000548,E14001506,0.65
E14000548,E14001196,0.35
E14000549,E14001081,0.91
E14000549,E14001434,0.09
E14000550,E14001082,0.92
E14000550,E14001162,0.08
E14000551,E14001083,0.63
E14000551,E14001137,0.37
E14000552,E14001084,0.98
E14000552,E14001384,0.02
E14000552,E14001359,0.00
N06000001,N05000001,0.95
N06000001,N05000013,0.05
N06000002,N05000002,0.93
N06000002,N05000004,0.07
N06000002,N05000014,0.01
N06000003,N05000003,0.91
N06000003,N05000001,0.09
N06000003,N05000004,0.00
N06000004,N05000004,0.95
N06000004,N05000002,0.03
N06000004,N05000003,0.02
N06000004,N05000014,0.00
E14000553,E14001085,0.74
E14000553,E14001421,0.17
E14000553,E14001559,0.09
S14000008,S14000008,1.00
S14000008,S14000074,0.00
E14000554,E14001397,0.95
E14000554,E14001285,0.05
E14000555,E14001086,0.77
E14000555,E14001525,0.23
E14000556,E14001087,0.90
E14000556,E14001127,0.10
E14000557,E14001088,0.79
E14000557,E14001533,0.14
E14000557,E14001330,0.06
E14000557,E14001274,0.01
E14000558,E14001089,0.86
E14000558,E14001414,0.12
E14000558,E14001229,0.02
E14000559,E14001091,1.00
E14000560,E14001092,0.96
E14000560,E14001097,0.03
E14000560,E14001096,0.01
E14000561,E14001093,1.00
E14000561,E14001535,0.00
E14000562,E14001094,0.90
E14000562,E14001096,0.09
E14000562,E14001099,0.01
E14000562,E14001100,0.00
E14000563,E14001095,0.61
E14000563,E14001096,0.25
E14000563,E14001100,0.14
E14000564,E14001096,0.73
E14000564,E14001098,0.18
E14000564,E14001092,0.08
E14000565,E14001097,0.99
E14000565,E14001099,0.01
E14000566,E14001098,0.85
E14000566,E14001093,0.15
E14000566,E14001096,0.00
E14000567,E14001099,0.96
E14000567,E14001094,0.04
E14000567,E14001097,0.00
E14000568,E14001100,0.81
E14000568,E14001095,0.15
E14000568,E14001094,0.04
E14000568,E14001096,0.00
E14000569,E14001101,0.75
E14000569,E14001382,0.25
E14000570,E14001102,0.98
E14000570,E14001450,0.02
E14000571,E14001103,0.57
E14000571,E14001352,0.17
E14000571,E14001459,0.13
E14000571,E14001145,0.12
E14000572,E14001104,0.66
E14000572,E14001105,0.34
E14000573,E14001105,1.00
W07000072,W07000084,1.00
E14000574,E14001106,0.51
E14000574,E14001244,0.28
E14000574,E14001567,0.21
E14000574,E14001285,0.00
E14000575,E14001183,0.53
E14000575,E14001107,0.47
E14000576,E14001108,0.85
E14000576,E14001166,0.15
E14000576,E14001067,0.00
E14000577,E14001109,1.00
E14000577,E14001391,0.00
E14000578,E14001110,1.00
E14000579,E14001111,0.75
E14000579,E14001112,0.13
E14000579,E14001110,0.12
E14000580,E14001112,0.84
E14000580,E14001329,0.16
E14000581,E14001113,1.00
E14000582,E14001114,1.00
E14000582,E14001343,0.00
E14000583,E14001288,0.87
E14000583,E14001364,0.13
E14000584,E14001115,1.00
E14000585,E14001116,0.96
E14000585,E14001363,0.03
E14000585,E14001429,0.01
E14000585,E14001115,0.00
E14000586,E14001117,0.82
E14000586,E14001593,0.18
E14000587,E14001118,0.98
E14000587,E14001119,0.02
E14000588,E14001119,1.00
E14000589,E14001120,1.00
E14000590,E14001121,0.92
E14000590,E14001590,0.08
W07000068,W07000085,1.00
W07000068,W07000099,0.00
E14000591,E14001122,0.70
E14000591,E14001435,0.15
E14000591,E14001123,0.15
E14000592,E14001123,0.77
E14000592,E14001270,0.12
E14000592,E14001122,0.11
E14000593,E14001124,0.74
E14000593,E14001264,0.26
E14000594,E14001125,1.00
E14000594,E14001267,0.00
W07000073,W07000086,0.83
W07000073,W07000081,0.17
E14000595,E14001126,0.65
E14000595,E14001548,0.30
E14000595,E14001572,0.05
E14000596,E14001250,0.36
E14000596,E14001199,0.26
E14000596,E14001128,0.21
E14000596,E14001462,0.17
E14000597,E14001129,1.00
E14000598,E14001130,0.98
E14000598,E14001129,0.02
E14000599,E14001132,0.60
E14000599,E14001133,0.40
E14000600,E14001134,0.88
E14000600,E14001133,0.12
E14000601,E14001135,0.88
E14000601,E14001132,0.12
E14000602,E14001131,0.67
E14000602,E14001132,0.24
E14000602,E14001134,0.09
E14000603,E14001136,0.93
E14000603,E14001408,0.05
E14000603,E14001396,0.01
E14000604,E14001137,0.53
E14000604,E14001223,0.28
E14000604,E14001417,0.18
E14000605,E14001138,1.00
E14000606,E14001139,0.95
E14000606,E14001284,0.05
E14000607,E14001140,0.83
E14000607,E14001411,0.17
E14000608,E14001141,0.40
E14000608,E14001360,0.38
E14000608,E14001071,0.23
E14000609,E14001142,1.00
E14000610,E14001143,1.00
E14000611,E14001144,1.00
E14000612,E14001145,0.89
E14000612,E14001144,0.11
E14000613,E14001146,0.78
E14000613,E14001569,0.14
E14000613,E14001156,0.06
E14000613,E14001578,0.02
W07000076,W07000088,0.91
W07000076,W07000084,0.09
S14000009,S14000069,1.00
E14000614,E14001147,0.97
E14000614,E14001262,0.03
E14000615,E14001421,0.66
E14000615,E14001333,0.13
E14000615,E14001559,0.13
E14000615,E14001205,0.07
E14000615,E14001085,0.01
E14000616,E14001148,0.93
E14000616,E14001554,0.04
E14000616,E14001511,0.03
E14000617,E14001149,0.93
E14000617,E14001481,0.07
E14000618,E14001150,1.00
E14000619,E14001151,0.95
E14000619,E14001282,0.05
W07000050,W07000089,0.76
W07000050,W07000091,0.24
W07000051,W07000090,1.00
W07000080,W07000091,0.67
W07000080,W07000089,0.33
W07000080,W07000090,0.00
W07000079,W07000092,1.00
E14000620,E14001152,0.92
E14000620,E14001424,0.08
W07000067,W07000087,0.84
W07000067,W07000098,0.16
W07000066,W07000100,0.59
W07000066,W07000087,0.41
E14000621,E14001153,1.00
E14000621,E14001534,0.00
E14000622,E14001154,1.00
S14000010,S14000010,1.00
E14000623,E14001155,0.97
E14000623,E14001232,0.02
E14000623,E14001552,0.00
E14000624,E14001156,0.82
E14000624,E14001569,0.18
W07000064,W07000093,1.00
E14000625,E14001364,0.67
E14000625,E14001357,0.33
E14000626,E14001157,0.90
E14000626,E14001349,0.10
E14000627,E14001158,1.00
E14000628,E14001159,0.95
E14000628,E14001351,0.05
E14000629,E14001160,0.96
E14000629,E14001310,0.04
E14000630,E14001161,0.94
E14000630,E14001542,0.06
E14000631,E14001162,0.84
E14000631,E14001360,0.16
E14000632,E14001165,1.00
E14000633,E14001166,0.76
E14000633,E14001067,0.24
E14000634,E14001167,0.96
E14000634,E14001334,0.04
E14000635,E14001168,0.49
E14000635,E14001356,0.46
E14000635,E14001498,0.05
E14000635,E14001482,0.00
E14000636,E14001169,0.83
E14000636,E14001293,0.17
E14000636,E14001238,0.00
E14000637,E14001170,0.96
E14000637,E14001491,0.04
E14000638,E14001171,0.99
E14000638,E14001363,0.01
E14000638,E14001115,0.00
E14000639,E14001172,0.98
E14000639,E14001310,0.02
E14000640,E14001163,0.73
E14000640,E14001164,0.25
E14000640,E14001455,0.01
E14000641,E14001173,0.86
E14000641,E14001382,0.13
E14000641,E14001211,0.01
E14000642,E14001174,1.00
E14000643,E14001128,0.65
E14000643,E14001255,0.35
W07000062,W07000102,0.48
W07000062,W07000111,0.39
W07000062,W07000094,0.09
W07000062,W07000096,0.05
W07000059,W07000095,0.70
W07000059,W07000094,0.16
W07000059,W07000083,0.14
S14000011,S14000070,0.88
S14000011,S14000072,0.12
S14000011,S14000063,0.00
E14000644,E14001176,0.92
E14000644,E14001273,0.08
E14000645,E14001177,0.82
E14000645,E14001297,0.18
E14000645,E14001418,0.00
E14000646,E14001178,0.86
E14000646,E14001361,0.14
E14000647,E14001583,0.77
E14000647,E14001076,0.13
E14000647,E14001424,0.10
E14000648,E14001179,0.90
E14000648,E14001571,0.06
E14000648,E14001311,0.04
E14000649,E14001180,0.81
E14000649,E14001182,0.19
E14000650,E14001181,1.00
E14000651,E14001182,0.84
E14000651,E14001180,0.16
E14000652,E14001184,1.00
E14000653,E14001185,0.95
E14000653,E14001164,0.05
E14000654,E14001186,0.80
E14000654,E14001188,0.14
E14000654,E14001187,0.06
E14000655,E14001188,0.61
E14000655,E14001527,0.39
E14000656,E14001187,0.78
E14000656,E14001188,0.14
E14000656,E14001186,0.08
S14000012,S14000072,0.90
S14000012,S14000097,0.10
S14000012,S14000063,0.00
W07000070,W07000099,0.58
W07000070,W07000106,0.42
E14000657,E14001189,0.90
E14000657,E14001301,0.10
E14000658,E14001190,1.00
E14000659,E14001191,0.89
E14000659,E14001465,0.06
E14000659,E14001549,0.05
E14000660,E14001192,0.91
E14000660,E14001490,0.09
W07000042,W07000094,0.75
W07000042,W07000082,0.25
E14000661,E14001251,0.38
E14000661,E14001517,0.33
E14000661,E14001070,0.29
E14000662,E14001193,1.00
E14000663,E14001194,1.00
E14000664,E14001195,0.95
E14000664,E14001362,0.05
E14000665,E14001217,0.66
E14000665,E14001356,0.33
E14000665,E14001168,0.01
E14000666,E14001196,0.57
E14000666,E14001418,0.26
E14000666,E14001506,0.17
E14000667,E14001199,0.64
E14000667,E14001436,0.28
E14000667,E14001198,0.08
E14000668,E14001198,0.97
E14000668,E14001200,0.03
E14000669,E14001200,0.95
E14000669,E14001199,0.05
E14000670,E14001202,1.00
E14000671,E14001204,1.00
E14000672,E14001316,0.45
E14000672,E14001524,0.37
E14000672,E14001204,0.18
E14000673,E14001205,0.86
E14000673,E14001333,0.14
S14000013,S14000073,0.99
S14000013,S14000074,0.01
S14000014,S14000074,0.96
S14000014,S14000073,0.04
S14000014,S14000008,0.00
S14000015,S14000066,0.77
S14000015,S14000075,0.23
S14000015,S14000065,0.00
S14000016,S14000075,0.95
S14000016,S14000065,0.05
S14000017,S14000076,0.88
S14000017,S14000071,0.12
W07000061,W07000096,1.00
E14000674,E14001207,0.89
E14000674,E14001209,0.11
E14000675,E14001208,0.98
E14000675,E14001209,0.02
E14000675,E14001207,0.00
E14000676,E14001209,1.00
E14000677,E14001211,1.00
N06000005,N05000005,0.97
N06000005,N05000012,0.02
N06000005,N05000014,0.01
N06000005,N05000002,0.01
E14000678,E14001232,0.75
E14000678,E14001291,0.25
E14000678,E14001231,0.01
S14000018,S14000097,1.00
S14000018,S14000072,0.00
S14000018,S14000086,0.00
E14000679,E14001213,0.78
E14000679,E14001576,0.22
E14000680,E14001214,0.65
E14000680,E14001234,0.35
S14000019,S14000077,0.91
S14000019,S14000092,0.09
S14000019,S14000104,0.00
S14000019,S14000074,0.00
N06000006,N05000006,0.99
S14000020,S14000096,0.88
S14000020,S14000078,0.12
S14000021,S14000021,1.00
E14000681,E14001215,0.76
E14000681,E14001201,0.24
E14000682,E14001218,1.00
E14000683,E14001127,0.79
E14000683,E14001250,0.21
E14000684,E14001219,0.93
E14000684,E14001330,0.07
E14000685,E14001220,0.57
E14000685,E14001263,0.43
E14000686,E14001164,0.55
E14000686,E14001361,0.41
E14000686,E14001455,0.03
E14000686,E14001185,0.01
E14000686,E14001178,0.00
S14000022,S14000078,0.95
S14000022,S14000080,0.05
S14000023,S14000079,0.91
S14000023,S14000082,0.09
S14000024,S14000080,1.00
S14000024,S14000081,0.00
S14000024,S14000078,0.00
S14000025,S14000081,1.00
S14000026,S14000082,0.93
S14000026,S14000079,0.07
E14000687,E14001221,0.82
E14000687,E14001225,0.16
E14000687,E14001503,0.02
E14000688,E14001222,0.70
E14000688,E14001163,0.22
E14000688,E14001455,0.07
E14000689,E14001582,0.39
E14000689,E14001464,0.22
E14000689,E14001320,0.20
E14000689,E14001560,0.20
E14000690,E14001223,0.86
E14000690,E14001229,0.14
E14000691,E14001225,0.97
E14000691,E14001503,0.03
E14000691,E14001221,0.00
E14000692,E14001503,0.68
E14000692,E14001221,0.29
E14000692,E14001225,0.03
E14000693,E14001226,1.00
E14000694,E14001227,0.86
E14000694,E14001442,0.14
E14000695,E14001228,1.00
E14000696,E14001229,0.85
E14000696,E14001089,0.15
E14000697,E14001230,0.83
E14000697,E14001456,0.17
E14000698,E14001231,0.88
E14000698,E14001232,0.12
S14000028,S14000083,0.73
S14000028,S14000064,0.27
E14000699,E14001233,0.54
E14000699,E14001263,0.46
E14000700,E14001235,0.88
E14000700,E14001570,0.12
E14000701,E14001236,0.92
E14000701,E14001124,0.08
N06000007,N05000007,0.96
N06000007,N05000010,0.04
E14000702,E14001237,0.83
E14000702,E14001133,0.09
E14000702,E14001545,0.07
E14000703,E14001238,1.00
E14000703,E14001169,0.00
E14000703,E14001293,0.00
E14000704,E14001239,0.80
E14000704,E14001069,0.18
E14000704,E14001570,0.02
E14000705,E14001240,1.00
N06000008,N05000008,0.94
N06000008,N05000006,0.03
N06000008,N05000018,0.02
E14000706,E14001242,0.92
E14000706,E14001433,0.08
E14000707,E14001243,0.97
E14000707,E14001343,0.03
E14000708,E14001337,0.80
E14000708,E14001584,0.20
E14000709,E14001244,0.80
E14000709,E14001307,0.20
E14000710,E14001245,1.00
E14000711,E14001246,1.00
S14000029,S14000084,0.45
S14000029,S14000085,0.25
S14000029,S14000088,0.18
S14000029,S14000087,0.09
S14000029,S14000086,0.04
S14000030,S14000084,0.58
S14000030,S14000086,0.40
S14000030,S14000072,0.01
S14000031,S14000085,0.74
S14000031,S14000089,0.26
S14000032,S14000086,0.77
S14000032,S14000085,0.23
S14000032,S14000097,0.00
S14000033,S14000089,0.95
S14000033,S14000106,0.04
S14000033,S14000085,0.01
S14000034,S14000087,0.91
S14000034,S14000088,0.07
S14000034,S14000084,0.02
S14000035,S14000088,0.83
S14000035,S14000101,0.17
S14000035,S14000087,0.00
S14000036,S14000090,0.84
S14000036,S14000100,0.13
S14000036,S14000071,0.03
E14000712,E14001248,0.95
E14000712,E14001542,0.05
S14000037,S14000091,0.70
S14000037,S14000060,0.30
E14000713,E14001252,1.00
W07000046,W07000097,0.91
W07000046,W07000103,0.09
E14000714,E14001253,0.66
E14000714,E14001458,0.34
E14000715,E14001254,1.00
E14000716,E14001255,0.87
E14000716,E14001128,0.13
E14000717,E14001256,1.00
E14000718,E14001257,0.86
E14000718,E14001229,0.14
E14000719,E14001258,0.75
E14000719,E14001249,0.23
E14000719,E14001201,0.02
E14000720,E14001259,0.77
E14000720,E14001553,0.16
E14000720,E14001260,0.08
E14000721,E14001260,0.82
E14000721,E14001259,0.11
E14000721,E14001306,0.07
E14000722,E14001261,0.73
E14000722,E14001574,0.15
E14000722,E14001478,0.12
E14000723,E14001262,1.00
E14000724,E14001250,0.54
E14000724,E14001315,0.26
E14000724,E14001314,0.19
E14000725,E14001584,0.66
E14000725,E14001455,0.34
E14000726,E14001264,0.67
E14000726,E14001160,0.17
E14000726,E14001207,0.15
E14000727,E14001265,0.65
E14000727,E14001435,0.25
E14000727,E14001122,0.10
E14000727,E14001290,0.00
E14000728,E14001266,0.92
E14000728,E14001488,0.08
E14000729,E14001267,1.00
E14000730,E14001269,0.95
E14000730,E14001582,0.04
E14000730,E14001475,0.00
E14000731,E14001270,0.90
E14000731,E14001271,0.10
E14000732,E14001271,0.94
E14000732,E14001454,0.05
E14000732,E14001270,0.00
E14000733,E14001272,1.00
E14000734,E14001273,0.92
E14000734,E14001174,0.08
E14000734,E14001176,0.01
E14000735,E14001274,0.94
E14000735,E14001088,0.06
E14000736,E14001275,1.00
E14000737,E14001276,1.00
E14000737,E14001558,0.00
E14000738,E14001277,1.00
E14000739,E14001278,0.87
E14000739,E14001268,0.08
E14000739,E14001496,0.05
E14000740,E14001383,0.85
E14000740,E14001418,0.15
E14000741,E14001279,0.90
E14000741,E14001169,0.10
E14000742,E14001280,0.92
E14000742,E14001090,0.05
E14000742,E14001197,0.03
E14000743,E14001281,0.99
E14000743,E14001395,0.01
E14000744,E14001283,0.92
E14000744,E14001139,0.08
E14000745,E14001284,0.93
E14000745,E14001568,0.07
E14000746,E14001285,1.00
E14000746,E14001106,0.00
E14000747,E14001286,0.81
E14000747,E14001103,0.19
E14000748,E14001287,1.00
E14000749,E14001289,0.53
E14000749,E14001268,0.47
E14000750,E14001290,0.84
E14000750,E14001265,0.16
E14000751,E14001292,0.95
E14000751,E14001189,0.03
E14000751,E14001448,0.01
E14000752,E14001293,0.55
E14000752,E14001503,0.34
E14000752,E14001265,0.10
E14000752,E14001553,0.00
E14000753,E14001294,0.83
E14000753,E14001212,0.17
E14000754,E14001295,1.00
E14000755,E14001296,1.00
E14000756,E14001297,0.96
E14000756,E14001506,0.04
E14000756,E14001196,0.00
E14000757,E14001298,0.64
E14000757,E14001512,0.36
E14000758,E14001299,1.00
E14000759,E14001300,0.79
E14000759,E14001167,0.16
E14000759,E14001334,0.05
E14000760,E14001301,0.80
E14000760,E14001300,0.19
E14000760,E14001334,0.00
S14000038,S14000093,1.00
S14000039,S14000094,0.67
S14000039,S14000098,0.29
S14000039,S14000069,0.03
E14000761,E14001302,1.00
E14000762,E14001304,0.50
E14000762,E14001303,0.50
E14000763,E14001305,1.00
E14000764,E14001306,1.00
W07000077,W07000105,0.70
W07000077,W07000088,0.25
W07000077,W07000084,0.05
E14000765,E14001307,0.90
E14000765,E14001492,0.10
E14000766,E14001308,1.00
E14000767,E14001309,0.92
E14000767,E14001566,0.06
E14000767,E14001453,0.02
E14000767,E14001526,0.00
E14000768,E14001310,0.99
E14000768,E14001160,0.01
E14000769,E14001311,1.00
S14000040,S14000040,1.00
E14000770,E14001312,0.85
E14000770,E14001586,0.15
E14000771,E14001313,0.97
E14000771,E14001314,0.03
E14000772,E14001314,0.85
E14000772,E14001313,0.15
E14000773,E14001315,0.90
E14000773,E14001314,0.10
E14000774,E14001394,0.46
E14000774,E14001133,0.37
E14000774,E14001237,0.18
E14000774,E14001545,0.00
S14000041,S14000071,0.81
S14000041,S14000090,0.19
S14000041,S14000076,0.00
E14000775,E14001317,0.81
E14000775,E14001341,0.19
E14000775,E14001584,0.00
N06000009,N05000009,0.90
N06000009,N05000004,0.05
N06000009,N05000003,0.03
N06000009,N05000014,0.02
N06000009,N05000015,0.00
S14000042,S14000092,0.58
S14000042,S14000099,0.23
S14000042,S14000104,0.13
S14000042,S14000074,0.05
S14000042,S14000077,0.01
E14000776,E14001318,0.66
E14000776,E14001104,0.29
E14000776,E14001372,0.05
E14000777,E14001323,0.73
E14000777,E14001319,0.27
E14000777,E14001324,0.00
E14000777,E14001325,0.00
E14000778,E14001320,0.87
E14000778,E14001323,0.13
E14000778,E14001582,0.00
E14000779,E14001321,1.00
E14000779,E14001322,0.00
E14000779,E14001319,0.00
E14000780,E14001322,0.50
E14000780,E14001319,0.50
E14000781,E14001325,0.52
E14000781,E14001324,0.25
E14000781,E14001319,0.22
E14000782,E14001326,0.98
E14000782,E14001327,0.02
E14000783,E14001327,0.91
E14000783,E14001328,0.09
E14000784,E14001328,1.00
E14000785,E14001329,0.85
E14000785,E14001598,0.12
E14000785,E14001350,0.03
E14000786,E14001330,0.88
E14000786,E14001212,0.12
E14000787,E14001331,0.87
E14000787,E14001332,0.13
E14000788,E14001333,0.45
E14000788,E14001083,0.43
E14000788,E14001331,0.11
E14000789,E14001332,0.80
E14000789,E14001333,0.12
E14000789,E14001331,0.08
E14000790,E14001334,1.00
E14000790,E14001300,0.00
E14000791,E14001335,0.97
E14000791,E14001538,0.03
E14000792,E14001336,1.00
S14000043,S14000068,0.73
S14000043,S14000083,0.14
S14000043,S14000064,0.13
S14000043,S14000095,0.00
E14000793,E14001338,0.68
E14000793,E14001340,0.32
E14000794,E14001339,0.66
E14000794,E14001338,0.34
E14000795,E14001340,0.68
E14000795,E14001341,0.17
E14000795,E14001337,0.15
E14000796,E14001341,0.64
E14000796,E14001339,0.36
S14000044,S14000095,0.92
S14000044,S14000068,0.08
W07000045,W07000098,1.00
E14000797,E14001342,0.92
E14000797,E14001357,0.08
E14000798,E14001343,0.93
E14000798,E14001114,0.07
E14000799,E14001493,1.00
E14000800,E14001345,1.00
E14000801,E14001346,0.94
E14000801,E14001345,0.06
E14000801,E14001206,0.00
E14000802,E14001347,1.00
E14000803,E14001348,0.75
E14000803,E14001593,0.16
E14000803,E14001210,0.08
E14000804,E14001349,0.67
E14000804,E14001570,0.33
E14000805,E14001350,1.00
E14000806,E14001351,1.00
E14000807,E14001352,0.51
E14000807,E14001353,0.39
E14000807,E14001103,0.10
E14000808,E14001251,0.55
E14000808,E14001353,0.41
E14000808,E14001354,0.04
E14000809,E14001354,0.86
E14000809,E14001251,0.14
E14000810,E14001355,0.95
E14000810,E14001068,0.05
E14000811,E14001233,0.46
E14000811,E14001587,0.24
E14000811,E14001214,0.23
E14000811,E14001263,0.07
E14000812,E14001358,0.65
E14000812,E14001095,0.21
E14000812,E14001479,0.14
W07000071,W07000099,0.79
W07000071,W07000084,0.21
E14000813,E14001359,0.81
E14000813,E14001289,0.16
E14000813,E14001384,0.03
E14000814,E14001362,1.00
E14000814,E14001066,0.00
E14000815,E14001363,1.00
E14000815,E14001485,0.00
E14000816,E14001365,0.82
E14000816,E14001489,0.16
E14000816,E14001497,0.02
E14000817,E14001366,0.70
E14000817,E14001212,0.30
N06000010,N05000010,0.94
N06000010,N05000018,0.05
N06000010,N05000007,0.02
E14000818,E14001203,0.95
E14000818,E14001441,0.05
E14000819,E14001367,0.95
E14000819,E14001368,0.05
E14000820,E14001368,0.91
E14000820,E14001440,0.06
E14000820,E14001367,0.03
S14000045,S14000045,1.00
E14000821,E14001370,0.56
E14000821,E14001369,0.44
E14000822,E14001369,0.44
E14000822,E14001141,0.42
E14000822,E14001370,0.14
E14000823,E14001371,1.00
E14000824,E14001201,0.63
E14000824,E14001258,0.19
E14000824,E14001227,0.13
E14000824,E14001249,0.06
W07000054,W07000101,0.89
W07000054,W07000109,0.11
W07000063,W07000102,1.00
S14000046,S14000098,0.75
S14000046,S14000062,0.25
E14000825,E14001372,0.84
E14000825,E14001318,0.16
E14000826,E14001324,0.67
E14000826,E14001560,0.33
E14000826,E14001323,0.00
S14000047,S14000099,0.80
S14000047,S14000070,0.12
S14000047,S14000063,0.08
S14000027,S14000027,1.00
W07000069,W07000103,0.67
W07000069,W07000085,0.31
W07000069,W07000081,0.02
E14000827,E14001373,1.00
E14000828,E14001374,1.00
E14000829,E14001375,0.94
E14000829,E14001471,0.06
E14000830,E14001376,0.86
E14000830,E14001439,0.14
E14000831,E14001377,0.83
E14000831,E14001379,0.17
E14000832,E14001378,0.70
E14000832,E14001379,0.26
E14000832,E14001377,0.04
E14000833,E14001379,0.43
E14000833,E14001377,0.42
E14000833,E14001285,0.11
E14000833,E14001183,0.05
E14000834,E14001380,1.00
W07000055,W07000104,0.79
W07000055,W07000101,0.21
W07000056,W07000105,0.53
W07000056,W07000104,0.47
N06000011,N05000011,0.91
N06000011,N05000007,0.05
N06000011,N05000017,0.03
N06000011,N05000015,0.01
E14000835,E14001381,1.00
E14000835,E14001155,0.00
E14000836,E14001428,0.85
E14000836,E14001383,0.15
N06000012,N05000012,0.91
N06000012,N05000005,0.09
S14000048,S14000048,1.00
E14000837,E14001385,1.00
E14000838,E14001387,1.00
E14000839,E14001388,0.93
E14000839,E14001363,0.05
E14000839,E14001171,0.01
E14000839,E14001575,0.01
N06000013,N05000013,1.00
E14000840,E14001389,1.00
E14000841,E14001384,0.79
E14000841,E14001289,0.20
E14000841,E14001084,0.01
E14000842,E14001390,0.85
E14000842,E14001224,0.15
E14000843,E14001391,1.00
E14000843,E14001109,0.00
S14000049,S14000100,1.00
S14000049,S14000090,0.00
E14000844,E14001392,0.87
E14000844,E14001063,0.06
E14000844,E14001403,0.06
E14000844,E14001214,0.01
E14000845,E14001393,1.00
E14000845,E14001516,0.00
E14000846,E14001394,0.55
E14000846,E14001241,0.38
E14000846,E14001080,0.07
E14000847,E14001395,1.00
E14000847,E14001281,0.00
E14000848,E14001396,1.00
E14000849,E14001398,0.92
E14000849,E14001543,0.08
E14000850,E14001399,0.91
E14000850,E14001572,0.09
E14000851,E14001536,0.88
E14000851,E14001537,0.12
E14000852,E14001282,0.80
E14000852,E14001216,0.20
E14000852,E14001151,0.00
E14000853,E14001378,0.43
E14000853,E14001183,0.30
E14000853,E14001379,0.20
E14000853,E14001557,0.07
E14000854,E14001400,1.00
E14000855,E14001401,0.79
E14000855,E14001298,0.21
E14000855,E14001425,0.00
E14000856,E14001106,0.49
E14000856,E14001101,0.26
E14000856,E14001173,0.16
E14000856,E14001389,0.08
E14000857,E14001403,0.82
E14000857,E14001449,0.11
E14000857,E14001078,0.07
E14000857,E14001214,0.00
E14000858,E14001404,0.95
E14000858,E14001288,0.05
E14000859,E14001405,0.99
E14000859,E14001497,0.01
E14000860,E14001168,0.48
E14000860,E14001482,0.43
E14000860,E14001356,0.10
E14000861,E14001406,0.96
E14000861,E14001407,0.04
E14000862,E14001407,0.64
E14000862,E14001406,0.36
E14000863,E14001408,1.00
E14000864,E14001409,0.98
E14000864,E14001408,0.02
E14000865,E14001410,1.00
E14000866,E14001411,0.83
E14000866,E14001412,0.17
E14000866,E14001410,0.00
E14000867,E14001412,0.79
E14000867,E14001410,0.12
E14000867,E14001411,0.08
E14000868,E14001413,1.00
S14000050,S14000064,0.45
S14000050,S14000103,0.38
S14000050,S14000105,0.09
S14000050,S14000065,0.05
S14000050,S14000076,0.03
W07000074,W07000086,0.31
W07000074,W07000081,0.26
W07000074,W07000107,0.25
W07000074,W07000106,0.17
W07000074,W07000092,0.01
E14000869,E14001414,1.00
E14000870,E14001415,1.00
E14000871,E14001416,1.00
S14000051,S14000051,1.00
E14000872,E14001417,0.87
E14000872,E14001137,0.13
E14000873,E14001419,0.89
E14000873,E14001420,0.11
E14000874,E14001420,0.81
E14000874,E14001090,0.18
E14000874,E14001591,0.01
S14000052,S14000101,0.73
S14000052,S14000093,0.17
S14000052,S14000102,0.11
S14000053,S14000102,0.93
S14000053,S14000101,0.07
S14000053,S14000093,0.00
E14000875,E14001422,0.84
E14000875,E14001142,0.16
E14000876,E14001423,1.00
E14000876,E14001466,0.00
E14000877,E14001424,0.44
E14000877,E14001580,0.30
E14000877,E14001152,0.26
S14000054,S14000103,0.63
S14000054,S14000065,0.37
E14000878,E14001425,0.99
E14000878,E14001401,0.01
E14000879,E14001426,1.00
E14000880,E14001427,0.95
E14000880,E14001426,0.05
W07000075,W07000106,0.72
W07000075,W07000107,0.16
W07000075,W07000092,0.08
W07000075,W07000090,0.04
E14000881,E14001429,0.97
E14000881,E14001116,0.03
E14000881,E14001363,0.00
E14000882,E14001430,0.83
E14000882,E14001086,0.10
E14000882,E14001525,0.07
E14000883,E14001431,1.00
E14000884,E14001432,1.00
W07000065,W07000100,0.71
W07000065,W07000093,0.29
E14000885,E14001433,1.00
E14000885,E14001443,0.00
E14000886,E14001325,0.50
E14000886,E14001322,0.50
E14000887,E14001434,1.00
E14000888,E14001437,0.96
E14000888,E14001501,0.04
E14000889,E14001438,0.69
E14000889,E14001210,0.31
E14000890,E14001439,0.57
E14000890,E14001438,0.30
E14000890,E14001210,0.13
E14000891,E14001440,1.00
E14000892,E14001441,1.00
E14000893,E14001442,0.86
E14000893,E14001215,0.11
E14000893,E14001201,0.03
W07000052,W07000107,1.00
E14000894,E14001443,0.65
E14000894,E14001422,0.27
E14000894,E14001491,0.08
E14000895,E14001444,0.88
E14000895,E14001544,0.12
E14000896,E14001445,0.92
E14000896,E14001312,0.08
E14000897,E14001446,0.90
E14000897,E14001286,0.10
E14000898,E14001447,0.88
E14000898,E14001157,0.12
E14000899,E14001501,0.89
E14000899,E14001502,0.11
E14000900,E14001448,1.00
E14000901,E14001449,0.93
E14000901,E14001220,0.07
S14000055,S14000069,0.47
S14000055,S14000094,0.45
S14000055,S14000067,0.09
S14000055,S14000098,0.00
E14000902,E14001450,0.99
E14000902,E14001102,0.01
E14000903,E14001451,0.92
E14000903,E14001452,0.06
E14000903,E14001436,0.03
E14000904,E14001452,0.99
E14000904,E14001451,0.01
E14000905,E14001453,0.99
E14000905,E14001309,0.01
E14000906,E14001454,0.84
E14000906,E14001558,0.16
E14000906,E14001270,0.01
E14000907,E14001456,0.78
E14000907,E14001588,0.16
E14000907,E14001230,0.06
E14000908,E14001457,0.99
E14000908,E14001375,0.01
S14000056,S14000104,0.72
S14000056,S14000092,0.28
S14000056,S14000077,0.00
E14000909,E14001458,0.52
E14000909,E14001357,0.48
E14000909,E14001266,0.00
E14000910,E14001402,0.89
E14000910,E14001121,0.06
E14000910,E14001267,0.06
E14000911,E14001459,0.80
E14000911,E14001598,0.20
E14000912,E14001460,0.82
E14000912,E14001217,0.18
E14000913,E14001461,1.00
E14000914,E14001462,1.00
E14000915,E14001382,0.69
E14000915,E14001211,0.13
E14000915,E14001519,0.12
E14000915,E14001190,0.06
E14000916,E14001463,0.92
E14000916,E14001339,0.08
E14000917,E14001464,0.74
E14000917,E14001582,0.24
E14000917,E14001475,0.01
E14000917,E14001269,0.01
E14000918,E14001465,0.94
E14000918,E14001549,0.06
E14000919,E14001467,0.76
E14000919,E14001469,0.19
E14000919,E14001468,0.04
E14000919,E14001466,0.01
E14000920,E14001470,1.00
E14000921,E14001466,1.00
E14000922,E14001468,0.99
E14000922,E14001469,0.01
E14000922,E14001467,0.00
E14000923,E14001469,0.89
E14000923,E14001470,0.11
E14000923,E14001468,0.01
E14000924,E14001471,0.93
E14000924,E14001245,0.06
E14000924,E14001375,0.01
E14000925,E14001472,1.00
E14000925,E14001308,0.00
E14000926,E14001473,0.91
E14000926,E14001493,0.09
E14000927,E14001474,0.92
E14000927,E14001235,0.08
E14000928,E14001475,0.95
E14000928,E14001582,0.04
E14000928,E14001269,0.01
E14000929,E14001476,0.80
E14000929,E14001253,0.20
E14000929,E14001336,0.00
E14000930,E14001477,0.90
E14000930,E14001588,0.10
E14000931,E14001479,0.76
E14000931,E14001358,0.24
E14000932,E14001247,0.55
E14000932,E14001241,0.45
E14000932,E14001603,0.00
N06000014,N05000014,0.97
N06000014,N05000002,0.02
N06000014,N05000005,0.00
E14000933,E14001480,0.88
E14000933,E14001077,0.10
E14000933,E14001154,0.02
E14000934,E14001481,0.60
E14000934,E14001512,0.34
E14000934,E14001224,0.05
E14000934,E14001149,0.00
E14000935,E14001483,0.88
E14000935,E14001195,0.12
E14000936,E14001485,0.98
E14000936,E14001363,0.01
E14000936,E14001575,0.00
N06000015,N05000015,0.86
N06000015,N05000016,0.12
N06000015,N05000011,0.02
N06000015,N05000009,0.00
E14000937,E14001224,0.68
E14000937,E14001481,0.17
E14000937,E14001512,0.16
E14000938,E14001486,1.00
E14000938,E14001508,0.00
E14000939,E14001487,1.00
E14000940,E14001488,0.84
E14000940,E14001364,0.16
E14000941,E14001489,0.66
E14000941,E14001569,0.32
E14000941,E14001409,0.01
E14000941,E14001365,0.01
E14000942,E14001490,0.68
E14000942,E14001407,0.31
E14000942,E14001192,0.02
E14000943,E14001491,0.83
E14000943,E14001504,0.17
E14000944,E14001492,1.00
E14000945,E14001316,0.54
E14000945,E14001523,0.46
E14000946,E14001494,0.96
E14000946,E14001578,0.04
E14000947,E14001537,0.88
E14000947,E14001217,0.12
E14000948,E14001216,0.86
E14000948,E14001282,0.13
E14000948,E14001202,0.01
E14000949,E14001206,0.94
E14000949,E14001346,0.06
E14000950,E14001495,0.96
E14000950,E14001484,0.04
E14000951,E14001496,0.57
E14000951,E14001268,0.34
E14000951,E14001278,0.09
E14000952,E14001497,0.91
E14000952,E14001405,0.05
E14000952,E14001365,0.04
E14000953,E14001234,0.59
E14000953,E14001249,0.41
E14000954,E14001498,0.88
E14000954,E14001460,0.10
E14000954,E14001356,0.02
E14000955,E14001499,1.00
E14000956,E14001500,1.00
E14000957,E14001502,1.00
E14000958,E14001504,0.86
E14000958,E14001463,0.14
E14000959,E14001505,1.00
E14000960,E14001507,0.96
E14000960,E14001496,0.04
E14000961,E14001508,0.92
E14000961,E14001385,0.06
E14000961,E14001554,0.02
E14000962,E14001509,1.00
E14000963,E14001510,0.90
E14000963,E14001584,0.07
E14000963,E14001317,0.03
E14000964,E14001511,1.00
E14000965,E14001513,0.72
E14000965,E14001523,0.28
E14000966,E14001514,0.96
E14000966,E14001521,0.04
E14000967,E14001515,1.00
E14000968,E14001516,1.00
S14000057,S14000105,1.00
E14000969,E14001517,0.84
E14000969,E14001277,0.16
E14000970,E14001518,0.96
E14000970,E14001519,0.04
E14000971,E14001519,0.75
E14000971,E14001367,0.16
E14000971,E14001518,0.09
E14000972,E14001520,0.95
E14000972,E14001521,0.05
E14000972,E14001522,0.00
E14000973,E14001521,0.93
E14000973,E14001520,0.07
E14000974,E14001522,0.76
E14000974,E14001520,0.24
E14000975,E14001522,0.30
E14000975,E14001513,0.27
E14000975,E14001523,0.24
E14000975,E14001514,0.14
E14000975,E14001380,0.05
E14000976,E14001524,0.70
E14000976,E14001261,0.30
N06000016,N05000016,0.91
N06000016,N05000003,0.09
N06000016,N05000013,0.00
N06000016,N05000015,0.00
E14000977,E14001526,0.98
E14000977,E14001309,0.02
E14000978,E14001527,0.52
E14000978,E14001175,0.48
E14000979,E14001528,1.00
E14000980,E14001529,0.83
E14000980,E14001386,0.17
E14000981,E14001530,0.91
E14000981,E14001569,0.08
E14000981,E14001156,0.02
E14000982,E14001531,1.00
E14000983,E14001532,0.82
E14000983,E14001249,0.18
E14000984,E14001534,1.00
E14000984,E14001153,0.00
E14000985,E14001535,1.00
W07000048,W07000108,0.62
W07000048,W07000103,0.37
W07000048,W07000097,0.01
W07000047,W07000108,0.68
W07000047,W07000097,0.32
E14000986,E14001538,1.00
E14000986,E14001335,0.00
E14000987,E14001539,0.94
E14000987,E14001361,0.06
E14000987,E14001164,0.00
E14000988,E14001540,0.88
E14000988,E14001548,0.12
E14000989,E14001541,1.00
E14000990,E14001542,0.75
E14000990,E14001386,0.25
E14000991,E14001482,0.50
E14000991,E14001386,0.44
E14000991,E14001529,0.06
E14000992,E14001543,0.97
E14000992,E14001541,0.03
E14000993,E14001544,0.83
E14000993,E14001582,0.17
E14000993,E14001444,0.01
E14000994,E14001545,0.97
E14000994,E14001237,0.03
E14000995,E14001546,0.92
E14000995,E14001480,0.08
E14000996,E14001291,0.61
E14000996,E14001548,0.39
E14000997,E14001549,0.79
E14000997,E14001349,0.21
E14000998,E14001550,1.00
E14000999,E14001551,1.00
E14000999,E14001484,0.00
W07000053,W07000109,1.00
E14001000,E14001552,0.93
E14001000,E14001495,0.07
E14001001,E14001484,0.98
E14001001,E14001551,0.02
E14001002,E14001553,0.82
E14001002,E14001293,0.10
E14001002,E14001503,0.07
E14001003,E14001554,0.90
E14001003,E14001148,0.10
E14001004,E14001555,1.00
E14001005,E14001556,0.91
E14001005,E14001124,0.09
E14001006,E14001557,0.86
E14001006,E14001183,0.14
N06000017,N05000017,0.89
N06000017,N05000009,0.09
N06000017,N05000015,0.02
E14001007,E14001558,0.91
E14001007,E14001454,0.09
E14001007,E14001276,0.00
W07000060,W07000095,0.65
W07000060,W07000094,0.35
W07000078,W07000110,0.92
W07000078,W07000091,0.08
E14001008,E14001559,0.61
E14001008,E14001175,0.39
E14001009,E14001560,0.51
E14001009,E14001418,0.49
E14001010,E14001561,1.00
E14001011,E14001562,0.59
E14001011,E14001594,0.24
E14001011,E14001595,0.17
E14001012,E14001562,0.55
E14001012,E14001595,0.30
E14001012,E14001064,0.15
E14001013,E14001563,1.00
E14001014,E14001107,0.74
E14001014,E14001397,0.24
E14001014,E14001285,0.02
E14001015,E14001197,0.79
E14001015,E14001591,0.18
E14001015,E14001420,0.03
E14001016,E14001478,1.00
E14001017,E14001564,1.00
E14001017,E14001565,0.00
E14001018,E14001565,0.89
E14001018,E14001539,0.11
E14001018,E14001564,0.00
E14001019,E14001566,0.94
E14001019,E14001309,0.06
E14001020,E14001567,0.88
E14001020,E14001295,0.12
E14001021,E14001568,0.80
E14001021,E14001496,0.20
E14001022,E14001344,0.91
E14001022,E14001569,0.09
E14001023,E14001533,0.70
E14001023,E14001212,0.28
E14001023,E14001330,0.01
E14001024,E14001455,0.52
E14001024,E14001361,0.37
E14001024,E14001164,0.10
E14001024,E14001539,0.01
E14001025,E14001571,0.90
E14001025,E14001490,0.05
E14001025,E14001192,0.04
E14001025,E14001179,0.00
E14001026,E14001572,0.53
E14001026,E14001126,0.22
E14001026,E14001247,0.20
E14001026,E14001241,0.05
E14001027,E14001573,1.00
E14001027,E14001284,0.00
E14001027,E14001507,0.00
E14001028,E14001436,0.63
E14001028,E14001075,0.24
E14001028,E14001452,0.13
S14000058,S14000058,1.00
E14001029,E14001574,0.71
E14001029,E14001547,0.29
E14001030,E14001547,0.72
E14001030,E14001574,0.28
E14001031,E14001575,0.92
E14001031,E14001485,0.06
E14001031,E14001388,0.02
S14000059,S14000106,1.00
E14001032,E14001576,0.55
E14001032,E14001525,0.45
E14001033,E14001577,1.00
E14001034,E14001578,0.91
E14001034,E14001146,0.09
N06000018,N05000018,1.00
E14001035,E14001579,1.00
E14001036,E14001435,0.62
E14001036,E14001172,0.19
E14001036,E14001310,0.19
E14001037,E14001580,0.78
E14001037,E14001372,0.22
E14001038,E14001581,0.85
E14001038,E14001572,0.15
E14001039,E14001585,1.00
E14001040,E14001586,0.90
E14001040,E14001371,0.10
E14001041,E14001587,0.79
E14001041,E14001220,0.21
E14001042,E14001588,0.72
E14001042,E14001348,0.21
E14001042,E14001117,0.07
E14001043,E14001222,0.42
E14001043,E14001589,0.37
E14001043,E14001091,0.21
E14001044,E14001589,0.88
E14001044,E14001561,0.12
E14001045,E14001590,0.97
E14001045,E14001121,0.03
E14001046,E14001591,0.63
E14001046,E14001090,0.20
E14001046,E14001072,0.17
E14001047,E14001592,0.93
E14001047,E14001532,0.07
E14001048,E14001593,0.50
E14001048,E14001210,0.37
E14001048,E14001439,0.13
E14001049,E14001594,0.87
E14001049,E14001596,0.13
E14001050,E14001595,0.73
E14001050,E14001547,0.14
E14001050,E14001596,0.13
E14001051,E14001596,1.00
E14001052,E14001597,1.00
E14001053,E14001424,0.57
E14001053,E14001583,0.43
E14001054,E14001598,0.63
E14001054,E14001111,0.37
E14001055,E14001599,0.87
E14001055,E14001108,0.13
W07000044,W07000111,1.00
E14001056,E14001600,0.92
E14001056,E14001162,0.08
E14001057,E14001443,0.33
E14001057,E14001318,0.24
E14001057,E14001242,0.15
E14001057,E14001104,0.15
E14001057,E14001433,0.13
E14001058,E14001601,1.00
E14001059,E14001602,1.00
E14001060,E14001603,0.92
E14001060,E14001247,0.08
W07000041,W07000112,1.00
E14001061,E14001604,0.99
E14001061,E14001605,0.01
E14001062,E14001605,0.94
E14001062,E14001604,0.06